hook,forcekey_key,forcekey_value,unique_ad_count
{{product.,forceKeyA,Peripheral Neuropathy Treatment Centers Near Me California,1
{{product.,forceKeyB,Neuropathy Treatment Centers of California,1
{{product.,forceKeyC,Diabetic Neuropathy Treatment Trials Near Me{State},1
{{product.,forceKeyD,Diabetic Neuropathy Treatment Trials Near Me,1
{{product.,forceKeyE,$1500 for Neuropathy Research California,1
{{product.,forceKeyF,Residential Treatment Centers in{State},1
{{product.,forceKeyA,Diabetic Neuropathy Treatment Trials Near Me,33
{{product.,forceKeyB,Peripheral Neuropathy Clinical Studies in {State},33
{{product.,forceKeyC,New Neuropathy Pain Relief Clinical Trial {City},33
{{product.,forceKeyD,Nerve Damage Treatment Research USA,33
{{product.,forceKeyE,Paid Neuropathy Study Volunteers Needed in {State},33
{{product.,forceKeyF,Best Neuropathy Treatment Centers 2025 {City},33
Belly Fat Clinical Studies â€“ Learn More ðŸ”¬ Local research studies on non-surgical belly fat reduction âœ¨ checkbeforesearch.,forceKeyA,$1500 for Belly Fat Removal Without Surgery Participation {State},3
Belly Fat Clinical Studies â€“ Learn More ðŸ”¬ Local research studies on non-surgical belly fat reduction âœ¨ checkbeforesearch.,forceKeyB,$1500 for Belly Fat Removal Without Surgery Participation {City},3
Belly Fat Clinical Studies â€“ Learn More ðŸ”¬ Local research studies on non-surgical belly fat reduction âœ¨ checkbeforesearch.,forceKeyC,$1500 for Cryolipolysis Belly Fat Reduction Study {State},3
Belly Fat Clinical Studies â€“ Learn More ðŸ”¬ Local research studies on non-surgical belly fat reduction âœ¨ checkbeforesearch.,forceKeyD,$1500 for Cryolipolysis Belly Fat Reduction Study {City},3
Belly Fat Clinical Studies â€“ Learn More ðŸ”¬ Local research studies on non-surgical belly fat reduction âœ¨ checkbeforesearch.,forceKeyE,$1500 for Non-invasive Fat Reduction Research {State},3
Belly Fat Clinical Studies â€“ Learn More ðŸ”¬ Local research studies on non-surgical belly fat reduction âœ¨ checkbeforesearch.,forceKeyF,$1500 for Non-invasive Fat Reduction Research {City},3
Neuropathy Treatment Studies â€“ Learn More ðŸ“° New research studies are testing potential treatments for nerve pain and neuropathy ðŸ”¬ checkbeforesearch.,forceKeyA,Neuropathy Treatment Centers of {City},4
Neuropathy Treatment Studies â€“ Learn More ðŸ“° New research studies are testing potential treatments for nerve pain and neuropathy ðŸ”¬ checkbeforesearch.,forceKeyB,Neuropathic Pain Relief Clinics,4
Neuropathy Treatment Studies â€“ Learn More ðŸ“° New research studies are testing potential treatments for nerve pain and neuropathy ðŸ”¬ checkbeforesearch.,forceKeyC,Neuropathy Specialist {City},4
Neuropathy Treatment Studies â€“ Learn More ðŸ“° New research studies are testing potential treatments for nerve pain and neuropathy ðŸ”¬ checkbeforesearch.,forceKeyD,Neuropathy Treatment Centers of  {State},4
Neuropathy Treatment Studies â€“ Learn More ðŸ“° New research studies are testing potential treatments for nerve pain and neuropathy ðŸ”¬ checkbeforesearch.,forceKeyE,Neuropathy Treatment Centers Near Me,4
Neuropathy Treatment Studies â€“ Learn More ðŸ“° New research studies are testing potential treatments for nerve pain and neuropathy ðŸ”¬ checkbeforesearch.,forceKeyA,Peripheral Neuropathy Treatment Centers Near Me,5
Neuropathy Treatment Studies â€“ Learn More ðŸ“° New research studies are testing potential treatments for nerve pain and neuropathy ðŸ”¬ checkbeforesearch.,forceKeyB,Peripheral Neuropathy Treatment Centers Near Me {City},5
Neuropathy Treatment Studies â€“ Learn More ðŸ“° New research studies are testing potential treatments for nerve pain and neuropathy ðŸ”¬ checkbeforesearch.,forceKeyC,Peripheral Neuropathy Treatment Centers Near Me {State},5
Neuropathy Treatment Studies â€“ Learn More ðŸ“° New research studies are testing potential treatments for nerve pain and neuropathy ðŸ”¬ checkbeforesearch.,forceKeyD,Diabetic Neuropathy Treatment Trials Near Me,5
Neuropathy Treatment Studies â€“ Learn More ðŸ“° New research studies are testing potential treatments for nerve pain and neuropathy ðŸ”¬ checkbeforesearch.,forceKeyE,Diabetic Neuropathy Treatment Trials Near Me {City},5
Neuropathy Treatment Studies â€“ Learn More ðŸ“° New research studies are testing potential treatments for nerve pain and neuropathy ðŸ”¬ checkbeforesearch.,forceKeyF,Diabetic Neuropathy Treatment Trials Near Me {State},5
Hair Regrowth Research Studies â€“ Learn More ðŸ“° Researchers are studying new options that could support hair regrowth in men and women ðŸ”¬ checkbeforesearch.,forceKeyA,Qualify for Paid Clinical Trial Hair Regrowth Near Me,1
Hair Regrowth Research Studies â€“ Learn More ðŸ“° Researchers are studying new options that could support hair regrowth in men and women ðŸ”¬ checkbeforesearch.,forceKeyB,Best Paid Hair Regrowth Clinical Trials Near Me 2025,1
Hair Regrowth Research Studies â€“ Learn More ðŸ“° Researchers are studying new options that could support hair regrowth in men and women ðŸ”¬ checkbeforesearch.,forceKeyC,Qualify for Hair Regrowth Clinical Trial Near Me,1
Hair Regrowth Research Studies â€“ Learn More ðŸ“° Researchers are studying new options that could support hair regrowth in men and women ðŸ”¬ checkbeforesearch.,forceKeyD,Hair Regrowth Clinical Trials with Compensation,1
Hair Regrowth Research Studies â€“ Learn More ðŸ“° Researchers are studying new options that could support hair regrowth in men and women ðŸ”¬ checkbeforesearch.,forceKeyE,Participate in Hair Regrowth Trials,1
Hair Regrowth Research Studies â€“ Learn More ðŸ“° Researchers are studying new options that could support hair regrowth in men and women ðŸ”¬ checkbeforesearch.,forceKeyF,Stem Cell Hair Regrowth Clinical Trials,1
Beneficios de participar en ensayos clÃ­nicos de neuropatÃ­a Beneficios de participar en ensayos clÃ­nicos de neuropatÃ­a checkbeforesearch.,forceKeyA,Neuropathy Treatment Centers of {City},3
Beneficios de participar en ensayos clÃ­nicos de neuropatÃ­a Beneficios de participar en ensayos clÃ­nicos de neuropatÃ­a checkbeforesearch.,forceKeyB,Neuropathic Pain Relief Clinics,3
Beneficios de participar en ensayos clÃ­nicos de neuropatÃ­a Beneficios de participar en ensayos clÃ­nicos de neuropatÃ­a checkbeforesearch.,forceKeyC,Neuropathy Specialist {City},3
Beneficios de participar en ensayos clÃ­nicos de neuropatÃ­a Beneficios de participar en ensayos clÃ­nicos de neuropatÃ­a checkbeforesearch.,forceKeyD,Neuropathy Treatment Centers of  {State},3
Beneficios de participar en ensayos clÃ­nicos de neuropatÃ­a Beneficios de participar en ensayos clÃ­nicos de neuropatÃ­a checkbeforesearch.,forceKeyE,Neuropathy Treatment Centers Near Me,3
Beneficios de participar en ensayos clÃ­nicos de neuropatÃ­a Beneficios de participar en ensayos clÃ­nicos de neuropatÃ­a checkbeforesearch.,forceKeyA,Peripheral Neuropathy Treatment Centers Near Me,1
Beneficios de participar en ensayos clÃ­nicos de neuropatÃ­a Beneficios de participar en ensayos clÃ­nicos de neuropatÃ­a checkbeforesearch.,forceKeyB,Peripheral Neuropathy Treatment Centers Near Me {City},1
Beneficios de participar en ensayos clÃ­nicos de neuropatÃ­a Beneficios de participar en ensayos clÃ­nicos de neuropatÃ­a checkbeforesearch.,forceKeyC,Peripheral Neuropathy Treatment Centers Near Me {State},1
Beneficios de participar en ensayos clÃ­nicos de neuropatÃ­a Beneficios de participar en ensayos clÃ­nicos de neuropatÃ­a checkbeforesearch.,forceKeyD,Diabetic Neuropathy Treatment Trials Near Me,1
Beneficios de participar en ensayos clÃ­nicos de neuropatÃ­a Beneficios de participar en ensayos clÃ­nicos de neuropatÃ­a checkbeforesearch.,forceKeyE,Diabetic Neuropathy Treatment Trials Near Me {City},1
Beneficios de participar en ensayos clÃ­nicos de neuropatÃ­a Beneficios de participar en ensayos clÃ­nicos de neuropatÃ­a checkbeforesearch.,forceKeyF,Diabetic Neuropathy Treatment Trials Near Me {State},1
Belly Fat Clinical Studies â€“ Learn More ðŸ”¬ Local research studies on non-surgical belly fat reduction âœ¨ checkbeforesearch.,forceKeyA,$1500 for Belly Fat Reduction Treatment Participation Near My Zipcode Coolsculpting,1
Belly Fat Clinical Studies â€“ Learn More ðŸ”¬ Local research studies on non-surgical belly fat reduction âœ¨ checkbeforesearch.,forceKeyB,$1500 for Belly Fat Reduction Treatment Participation Near My Zipcode [coolsculpting],1
Belly Fat Clinical Studies â€“ Learn More ðŸ”¬ Local research studies on non-surgical belly fat reduction âœ¨ checkbeforesearch.,forceKeyC,$1500 for Non-invasive Fat Reduction Research Near My Zipcode [coolsculpting],1
Belly Fat Clinical Studies â€“ Learn More ðŸ”¬ Local research studies on non-surgical belly fat reduction âœ¨ checkbeforesearch.,forceKeyD,$1500 for Non-invasive Fat Reduction Research Near My Zipcode Coolsculpting,1
Belly Fat Clinical Studies â€“ Learn More ðŸ”¬ Local research studies on non-surgical belly fat reduction âœ¨ checkbeforesearch.,forceKeyE,$1500 for Cryolipolysis Belly Fat Reduction Study Near My Zipcode Coolsculpting,1
Belly Fat Clinical Studies â€“ Learn More ðŸ”¬ Local research studies on non-surgical belly fat reduction âœ¨ checkbeforesearch.,forceKeyF,$1500 for Cryolipolysis Belly Fat Reduction Study Near My Zipcode [coolsculpting],1
Belly Fat Clinical Studies â€“ Learn More ðŸ”¬ Local research studies on non-surgical belly fat reduction âœ¨ checkbeforesearch.,forceKeyA,Belly Fat Removal Treatment Centers Near Me,1
Belly Fat Clinical Studies â€“ Learn More ðŸ”¬ Local research studies on non-surgical belly fat reduction âœ¨ checkbeforesearch.,forceKeyB,Belly Fat Removal Treatment Centers in {State},1
Belly Fat Clinical Studies â€“ Learn More ðŸ”¬ Local research studies on non-surgical belly fat reduction âœ¨ checkbeforesearch.,forceKeyC,Belly Fat Removal Treatment Centers Near Me {State},1
Belly Fat Clinical Studies â€“ Learn More ðŸ”¬ Local research studies on non-surgical belly fat reduction âœ¨ checkbeforesearch.,forceKeyD,Belly Fat Removal Treatment Centers Near Me {City},1
Belly Fat Clinical Studies â€“ Learn More ðŸ”¬ Local research studies on non-surgical belly fat reduction âœ¨ checkbeforesearch.,forceKeyE,$1500 for Cryolipolysis Belly Fat Reduction Study {State},1
Belly Fat Clinical Studies â€“ Learn More ðŸ”¬ Local research studies on non-surgical belly fat reduction âœ¨ checkbeforesearch.,forceKeyF,$1500 for Non-invasive Fat Reduction Research {State},1
ðŸ’ª MÃ¡s informaciÃ³n Â¿Dolor o entumecimiento?,forceKeyA,Diabetic Neuropathy Treatment Trials Near Me,1
ðŸ’ª MÃ¡s informaciÃ³n Â¿Dolor o entumecimiento?,forceKeyB,Peripheral Neuropathy Clinical Studies in {State},1
ðŸ’ª MÃ¡s informaciÃ³n Â¿Dolor o entumecimiento?,forceKeyC,New Neuropathy Pain Relief Clinical Trial {City},1
ðŸ’ª MÃ¡s informaciÃ³n Â¿Dolor o entumecimiento?,forceKeyD,Nerve Damage Treatment Research USA,1
ðŸ’ª MÃ¡s informaciÃ³n Â¿Dolor o entumecimiento?,forceKeyE,Paid Neuropathy Study Volunteers Needed in {State},1
ðŸ’ª MÃ¡s informaciÃ³n Â¿Dolor o entumecimiento?,forceKeyF,Best Neuropathy Treatment Centers 2025 {City},1
ðŸ’ª MÃ¡s informaciÃ³n Â¿Dolor o entumecimiento?,forceKeyA,Peripheral Neuropathy Treatment Centers Near Me,3
ðŸ’ª MÃ¡s informaciÃ³n Â¿Dolor o entumecimiento?,forceKeyB,Peripheral Neuropathy Treatment Centers Near Me {City},3
ðŸ’ª MÃ¡s informaciÃ³n Â¿Dolor o entumecimiento?,forceKeyC,Peripheral Neuropathy Treatment Centers Near Me {State},3
ðŸ’ª MÃ¡s informaciÃ³n Â¿Dolor o entumecimiento?,forceKeyD,Diabetic Neuropathy Treatment Trials Near Me,3
ðŸ’ª MÃ¡s informaciÃ³n Â¿Dolor o entumecimiento?,forceKeyE,Diabetic Neuropathy Treatment Trials Near Me {City},3
ðŸ’ª MÃ¡s informaciÃ³n Â¿Dolor o entumecimiento?,forceKeyF,Diabetic Neuropathy Treatment Trials Near Me {State},3
{{product.,forceKeyA,55 and older apartments near me,2
{{product.,forceKeyB,55 and older apartment near me,2
{{product.,forceKeyC,see 55 and older apartments near me,2
{{product.,forceKeyD,find 55 and older apartments near me,2
{{product.,forceKeyE,see 55 and older apartment near me,2
{{product.,forceKeyA,Repair Contractor in {state},3
{{product.,forceKeyB,Home Repair Contractor Near Me,3
{{product.,forceKeyC,Repair Contractor in Santa Monica,3
{{product.,forceKeyD,Repair Contractors in {state},3
{{product.,forceKeyE,Repair Contractors in Santa Monica,3
{{product.,forceKeyF,Home Repair Contractors Near Me,3
{{product.,forceKeyA,Independent Work as Pickup Driver,3
{{product.,forceKeyB,Highest Paying Pickup Truck Driver Jobs,3
{{product.,forceKeyC,Small Truck Driver Jobs,3
{{product.,forceKeyD,Driver Hiring,3
{{product.,forceKeyE,Hiring Drivers Now,3
{{product.,forceKeyF,Van Driving Jobs Near Me Full Time,3
{{product.,forceKeyA,Painting Companies in My Area,1
{{product.,forceKeyB,Painting Company in My Area,1
{{product.,forceKeyC,Local Painter Contractors,1
{{product.,forceKeyD,Home Painting Companies in Santa Monica,1
{{product.,forceKeyE,Local House Painters Santa Monica,1
{{product.,forceKeyF,House Painter Contractors Near Me,1
Learn About Painting Job Opportunities Some employers may have openings for Painting.,forceKeyA,Painting Companies in My Area,2
Learn About Painting Job Opportunities Some employers may have openings for Painting.,forceKeyB,Painting Company in My Area,2
Learn About Painting Job Opportunities Some employers may have openings for Painting.,forceKeyC,Local Painter Contractors,2
Learn About Painting Job Opportunities Some employers may have openings for Painting.,forceKeyD,Home Painting Companies in Santa Monica,2
Learn About Painting Job Opportunities Some employers may have openings for Painting.,forceKeyE,Local House Painters Santa Monica,2
Learn About Painting Job Opportunities Some employers may have openings for Painting.,forceKeyF,House Painter Contractors Near Me,2
Learn About Power Washing Job Opportunities Some employers may have openings for Power Washing.,forceKeyA,Pressure Cleaning Near Me,3
Learn About Power Washing Job Opportunities Some employers may have openings for Power Washing.,forceKeyB,Pressure Cleaning Companies Near Me,3
Learn About Power Washing Job Opportunities Some employers may have openings for Power Washing.,forceKeyC,Pressure Cleaning Nearby,3
Learn About Power Washing Job Opportunities Some employers may have openings for Power Washing.,forceKeyD,Pressure Washing Companies Near Santa Monica,3
Learn About Power Washing Job Opportunities Some employers may have openings for Power Washing.,forceKeyE,Pressure Washing Companies Santa Monica,3
Learn About Power Washing Job Opportunities Some employers may have openings for Power Washing.,forceKeyF,Pressure Washing Company Nearby,3
{{product.,forceKeyA,Pressure Cleaning Near Me,3
{{product.,forceKeyB,Pressure Cleaning Companies Near Me,3
{{product.,forceKeyC,Pressure Cleaning Nearby,3
{{product.,forceKeyD,Pressure Washing Companies Near Santa Monica,3
{{product.,forceKeyE,Pressure Washing Companies Santa Monica,3
{{product.,forceKeyF,Pressure Washing Company Nearby,3
Learn More About Back Pain Research Studies Back Pain clinical studies may be enrolling participants to evaluate new options for back pain.,forceKeyA,$3000 Clinical Study for Relieving Lower Back Pain,2
Learn More About Back Pain Research Studies Back Pain clinical studies may be enrolling participants to evaluate new options for back pain.,forceKeyB,Low Back Pain Study,2
Learn More About Back Pain Research Studies Back Pain clinical studies may be enrolling participants to evaluate new options for back pain.,forceKeyC,See Effective $3000 Clinical Trials for Treating Lower Back Pain,2
Learn More About Back Pain Research Studies Back Pain clinical studies may be enrolling participants to evaluate new options for back pain.,forceKeyD,See Effective Paid 3000 Clinical Trials for Treating Lower Back Pain,2
Learn More About Back Pain Research Studies Back Pain clinical studies may be enrolling participants to evaluate new options for back pain.,forceKeyE,Effective $3000 Clinical Study for Lower Back Pain Treatment,2
Learn More About Back Pain Research Studies Back Pain clinical studies may be enrolling participants to evaluate new options for back pain.,forceKeyF,Best $3000 Paid Clinical Study for Relieving Lower Back Pain,2
{{product.,forceKeyA,$3000 Clinical Study for Relieving Lower Back Pain,1
{{product.,forceKeyB,Low Back Pain Study,1
{{product.,forceKeyC,See Effective $3000 Clinical Trials for Treating Lower Back Pain,1
{{product.,forceKeyD,See Effective Paid 3000 Clinical Trials for Treating Lower Back Pain,1
{{product.,forceKeyE,Effective $3000 Clinical Study for Lower Back Pain Treatment,1
{{product.,forceKeyF,Best $3000 Paid Clinical Study for Relieving Lower Back Pain,1
{{product.,forceKeyA,Apply for Online School High School that Gives You a Computer Now,3
{{product.,forceKeyB,Apply for Online School High School that Give You a Computer Now,3
{{product.,forceKeyC,Apply for Online School High School that Gives You a Computer,3
{{product.,forceKeyD,Apply for Online School High Schools that Give You a Computer,3
{{product.,forceKeyE,Apply for Online School High School that Give You a Computer,3
{{product.,forceKeyF,Apply for Online School High Schools that Gives You a Computer,3
Learn About Oxygen Concentrator Options for COPD Medicare may help cover oxygen concentrators if certain medical requirements are met.,forceKeyA,Pay $0 for Portable Oxygen Concentrator With Medicare,1
Learn About Oxygen Concentrator Options for COPD Medicare may help cover oxygen concentrators if certain medical requirements are met.,forceKeyB,Order Compact Copd Oxygen Concentrators Covered By Medicare Now,1
Learn About Oxygen Concentrator Options for COPD Medicare may help cover oxygen concentrators if certain medical requirements are met.,forceKeyC,Claim Your Medicare Covered Copd Oxygen Concentrator,1
Learn About Oxygen Concentrator Options for COPD Medicare may help cover oxygen concentrators if certain medical requirements are met.,forceKeyD,Claim Your Medicare Covered Copd Oxygen Concentrators,1
Learn About Oxygen Concentrator Options for COPD Medicare may help cover oxygen concentrators if certain medical requirements are met.,forceKeyE,Compact Medicare Covered Copd Devices [at No Cost],1
Learn About Oxygen Concentrator Options for COPD Medicare may help cover oxygen concentrators if certain medical requirements are met.,forceKeyF,Medicare-covered Copd Oxygen Machines [claim Now],1
{{product.,forceKeyA,Travel Oxygen Concentrator,1
{{product.,forceKeyB,Wearable Oxygen Concentrator,1
{{product.,forceKeyC,Portable Oxygen Concentrator,1
{{product.,forceKeyD,Best Portable Oxygen Concentrator,1
{{product.,forceKeyE,Personal Portable Oxygen Concentrator for Seniors,1
{{product.,forceKeyF,Personal Portable Oxygen Concentrator for Seniors (in My Area),1
{{product.,forceKeyA,Pay $0 for Portable Oxygen Concentrator With Medicare,1
{{product.,forceKeyB,Order Compact Copd Oxygen Concentrators Covered By Medicare Now,1
{{product.,forceKeyC,Claim Your Medicare Covered Copd Oxygen Concentrator,1
{{product.,forceKeyD,Claim Your Medicare Covered Copd Oxygen Concentrators,1
{{product.,forceKeyE,Compact Medicare Covered Copd Devices [at No Cost],1
{{product.,forceKeyF,Medicare-covered Copd Oxygen Machines [claim Now],1
{{product.,forceKeyA,Get $149 Botox Doctor Near Me Full Botox,2
{{product.,forceKeyB,Best Botox Injector Near Me,2
{{product.,forceKeyC,$119 Botox Doctor Near Me Full Botox,2
{{product.,forceKeyD,See $119 Botox Doctor Near Me Full Botox,2
{{product.,forceKeyE,Get $119 Botox Doctor Near Santa Monica Full Botox,2
{{product.,forceKeyF,Get $119 Botox Doctor Near Santa Monica Full Botox,2
"Explore Botox Consultation and Pricing Details The cost of Botox may range depending on procedure type, number of units, and provider.",forceKeyA,Get $149 Botox Doctor Near Me Full Botox,1
"Explore Botox Consultation and Pricing Details The cost of Botox may range depending on procedure type, number of units, and provider.",forceKeyB,Best Botox Injector Near Me,1
"Explore Botox Consultation and Pricing Details The cost of Botox may range depending on procedure type, number of units, and provider.",forceKeyC,$119 Botox Doctor Near Me Full Botox,1
"Explore Botox Consultation and Pricing Details The cost of Botox may range depending on procedure type, number of units, and provider.",forceKeyD,See $119 Botox Doctor Near Me Full Botox,1
"Explore Botox Consultation and Pricing Details The cost of Botox may range depending on procedure type, number of units, and provider.",forceKeyE,Get $119 Botox Doctor Near Santa Monica Full Botox,1
"Explore Botox Consultation and Pricing Details The cost of Botox may range depending on procedure type, number of units, and provider.",forceKeyF,Get $119 Botox Doctor Near Santa Monica Full Botox,1
{{product.,forceKeyA,$1500 for Dental Implants Participation,1
{{product.,forceKeyB,Participate in Dental Implants Trial [sign Up Now],1
{{product.,forceKeyC,No-fee Dental Implants,1
{{product.,forceKeyD,Get $1500 for Dental Implants Participation,1
{{product.,forceKeyE,$1950 for Dental Implants Participation [search Now],1
{{product.,forcekeyF,Participate in Dental Implants Trial Sign Up Now,1
Learn More About Dental Implant Research Studies Dental Implants trials may be testing new methods for dental implants.,forceKeyA,$1500 for Dental Implants Participation,2
Learn More About Dental Implant Research Studies Dental Implants trials may be testing new methods for dental implants.,forceKeyB,Participate in Dental Implants Trial [sign Up Now],2
Learn More About Dental Implant Research Studies Dental Implants trials may be testing new methods for dental implants.,forceKeyC,No-fee Dental Implants,2
Learn More About Dental Implant Research Studies Dental Implants trials may be testing new methods for dental implants.,forceKeyD,Get $1500 for Dental Implants Participation,2
Learn More About Dental Implant Research Studies Dental Implants trials may be testing new methods for dental implants.,forceKeyE,$1950 for Dental Implants Participation [search Now],2
Learn More About Dental Implant Research Studies Dental Implants trials may be testing new methods for dental implants.,forcekeyF,Participate in Dental Implants Trial Sign Up Now,2
{{product.,forceKeyA,Paid Arthritis Clinical Trials,2
{{product.,forceKeyB,Finding Arthritis Trials Near Me,2
{{product.,forceKeyC,$1500 for Osteoarthritis Trial {state},2
{{product.,forceKeyD,Arthritis Paid Clinical Trials,2
{{product.,forceKeyE,Paid Arthritis Trials,2
{{product.,forceKeyF,Paid Arthritis Clinical Trials Near Me,2
Learn More About Arthritis Research Studies Arthritis clinical trials may be enrolling individuals to study new approaches to arthritis.,forceKeyA,Paid Arthritis Clinical Trials,1
Learn More About Arthritis Research Studies Arthritis clinical trials may be enrolling individuals to study new approaches to arthritis.,forceKeyB,Finding Arthritis Trials Near Me,1
Learn More About Arthritis Research Studies Arthritis clinical trials may be enrolling individuals to study new approaches to arthritis.,forceKeyC,$1500 for Osteoarthritis Trial {state},1
Learn More About Arthritis Research Studies Arthritis clinical trials may be enrolling individuals to study new approaches to arthritis.,forceKeyD,Arthritis Paid Clinical Trials,1
Learn More About Arthritis Research Studies Arthritis clinical trials may be enrolling individuals to study new approaches to arthritis.,forceKeyE,Paid Arthritis Trials,1
Learn More About Arthritis Research Studies Arthritis clinical trials may be enrolling individuals to study new approaches to arthritis.,forceKeyF,Paid Arthritis Clinical Trials Near Me,1
{{product.,forceKeyA,Diabetes Clinical Studies Testing New Treatments $13675 Near Me,3
{{product.,forceKeyB,Diabetes Studies Testing New Medications $1500 Near Me,3
{{product.,forceKeyC,Clinical Studies for Diabetes,3
{{product.,forceKeyD,Participate in Diabetes Research Trial Sign Up Today,3
{{product.,forceKeyE,Diabetes Studies Testing New Medication,3
{{product.,forceKeyF,Type 2 Diabetes Advancements,3
{{product.,forceKeyA,clinical trials for neuropathy near me {state},2
{{product.,forceKeyB,clinical trials for neuropathy near me Santa Monica,2
{{product.,forceKeyC,$1500 for neuropathy research {state},2
{{product.,forceKeyD,$1500 for neuropathy research Santa Monica,2
{{product.,forceKeyE,$1500 for neuropathy research trials {state},2
{{product.,forceKeyF,$1500 for neuropathy research trials Santa Monica,2
Learn More About Neuropathy Research Studies Neuropathy clinical studies may be evaluating new approaches to managing neuropathy.,forceKeyA,clinical trials for neuropathy near me {state},1
Learn More About Neuropathy Research Studies Neuropathy clinical studies may be evaluating new approaches to managing neuropathy.,forceKeyB,clinical trials for neuropathy near me Santa Monica,1
Learn More About Neuropathy Research Studies Neuropathy clinical studies may be evaluating new approaches to managing neuropathy.,forceKeyC,$1500 for neuropathy research {state},1
Learn More About Neuropathy Research Studies Neuropathy clinical studies may be evaluating new approaches to managing neuropathy.,forceKeyD,$1500 for neuropathy research Santa Monica,1
Learn More About Neuropathy Research Studies Neuropathy clinical studies may be evaluating new approaches to managing neuropathy.,forceKeyE,$1500 for neuropathy research trials {state},1
Learn More About Neuropathy Research Studies Neuropathy clinical studies may be evaluating new approaches to managing neuropathy.,forceKeyF,$1500 for neuropathy research trials Santa Monica,1
Learn About Medicare Mobility Scooter Options Some individuals may qualify for Medicare coverage of mobility scooters if medical criteria are fulfilled.,forceKeyA,applying for medicare-covered mobility scooters asap (100 coverage),3
Learn About Medicare Mobility Scooter Options Some individuals may qualify for Medicare coverage of mobility scooters if medical criteria are fulfilled.,forceKeyB,applying for medicare-covered mobility scooters right now,3
Learn About Medicare Mobility Scooter Options Some individuals may qualify for Medicare coverage of mobility scooters if medical criteria are fulfilled.,forceKeyC,applying for medicare-covered mobility scooters fast near me for seniors,3
Learn About Medicare Mobility Scooter Options Some individuals may qualify for Medicare coverage of mobility scooters if medical criteria are fulfilled.,forceKeyD,applying for medicare-covered mobility scooters asap - 100 coverage,3
Learn About Medicare Mobility Scooter Options Some individuals may qualify for Medicare coverage of mobility scooters if medical criteria are fulfilled.,forceKeyE,see applying for medicare-covered mobility scooters asap (100 coverage),3
{{product.,forceKeyA,Clinical Trials for Smokers,1
{{product.,forceKeyB,$6000 Clinical Study for Smokers in {state},1
{{product.,forceKeyC,$6000 Clinical Study for Smokers in Santa Monica,1
{{product.,forceKeyD,Clinical Studies for Smokers,1
{{product.,forceKeyE,{state} $6000 Clinical Study for Smokers,1
{{product.,forceKeyF,Find $6000 Clinical Study for Smokers in {state},1
Learn More About Smokers Research Studies Smokers clinical trials may be enrolling individuals who smoke to explore new study approaches.,forceKeyA,Clinical Trials for Smokers,2
Learn More About Smokers Research Studies Smokers clinical trials may be enrolling individuals who smoke to explore new study approaches.,forceKeyB,$6000 Clinical Study for Smokers in {state},2
Learn More About Smokers Research Studies Smokers clinical trials may be enrolling individuals who smoke to explore new study approaches.,forceKeyC,$6000 Clinical Study for Smokers in Santa Monica,2
Learn More About Smokers Research Studies Smokers clinical trials may be enrolling individuals who smoke to explore new study approaches.,forceKeyD,Clinical Studies for Smokers,2
Learn More About Smokers Research Studies Smokers clinical trials may be enrolling individuals who smoke to explore new study approaches.,forceKeyE,{state} $6000 Clinical Study for Smokers,2
Learn More About Smokers Research Studies Smokers clinical trials may be enrolling individuals who smoke to explore new study approaches.,forceKeyF,Find $6000 Clinical Study for Smokers in {state},2
Learn More About Sleep Apnea Research Studies Clinical trials may be enrolling individuals to study new approaches to sleep apnea.,forceKeyA,Paid Research Studies for Sleep Apnea {state},2
Learn More About Sleep Apnea Research Studies Clinical trials may be enrolling individuals to study new approaches to sleep apnea.,forceKeyB,Paid Research Studies for Sleep Apnea Santa Monica,2
Learn More About Sleep Apnea Research Studies Clinical trials may be enrolling individuals to study new approaches to sleep apnea.,forceKeyC,Paid Research Studies for Sleep Apnea,2
Learn More About Sleep Apnea Research Studies Clinical trials may be enrolling individuals to study new approaches to sleep apnea.,forceKeyD,Sleep Apnea Paid Clinical Trial,2
Learn More About Sleep Apnea Research Studies Clinical trials may be enrolling individuals to study new approaches to sleep apnea.,forceKeyE,$1500 for Sleep Apnea Treatment Clinical Trials {state},2
Learn More About Sleep Apnea Research Studies Clinical trials may be enrolling individuals to study new approaches to sleep apnea.,forceKeyF,$1500 for Sleep Apnea Treatment Clinical Trials Santa Monica {state},2
{{product.,forceKeyA,Paid Research Studies for Sleep Apnea {state},1
{{product.,forceKeyB,Paid Research Studies for Sleep Apnea Santa Monica,1
{{product.,forceKeyC,Paid Research Studies for Sleep Apnea,1
{{product.,forceKeyD,Sleep Apnea Paid Clinical Trial,1
{{product.,forceKeyE,$1500 for Sleep Apnea Treatment Clinical Trials {state},1
{{product.,forceKeyF,$1500 for Sleep Apnea Treatment Clinical Trials Santa Monica {state},1
{{product.,forceKeyA,100 Accepted | 0 Down Options - Rogue 2024 Crossover Suvs Nearby (rogue) [no Cost],1
{{product.,forceKeyB,For Seniors: 2024 Rogue Crossover Suvs Nearby (rogue) [no Cost],1
{{product.,forceKeyC,For Seniors: 2024 Rogue Crossover Suvs Nearby (rogue) no Cost,1
{{product.,forceKeyD,100 Accepted | 0 Down Dealerships - Leftover Crossover Suvs Nearby no Cost (rogue),1
{{product.,forceKeyE,For Seniors: 2025 Rogue Crossover Suvs Nearby (rogue) no Cost,1
{{product.,forceKeyF,100 Accepted | 0 Down Options - Rogue 2024 Crossover Suvs Nearby (rogue) no Cost,1
Explore Deals on the Nissan Rogue SUV Car buyers are checking out current offers on the Nissan Rogue.,forceKeyA,100 Accepted | 0 Down Options - Rogue 2024 Crossover Suvs Nearby (rogue) [no Cost],2
Explore Deals on the Nissan Rogue SUV Car buyers are checking out current offers on the Nissan Rogue.,forceKeyB,For Seniors: 2024 Rogue Crossover Suvs Nearby (rogue) [no Cost],2
Explore Deals on the Nissan Rogue SUV Car buyers are checking out current offers on the Nissan Rogue.,forceKeyC,For Seniors: 2024 Rogue Crossover Suvs Nearby (rogue) no Cost,2
Explore Deals on the Nissan Rogue SUV Car buyers are checking out current offers on the Nissan Rogue.,forceKeyD,100 Accepted | 0 Down Dealerships - Leftover Crossover Suvs Nearby no Cost (rogue),2
Explore Deals on the Nissan Rogue SUV Car buyers are checking out current offers on the Nissan Rogue.,forceKeyE,For Seniors: 2025 Rogue Crossover Suvs Nearby (rogue) no Cost,2
Explore Deals on the Nissan Rogue SUV Car buyers are checking out current offers on the Nissan Rogue.,forceKeyF,100 Accepted | 0 Down Options - Rogue 2024 Crossover Suvs Nearby (rogue) no Cost,2
Learn About Free Phone Offers with New Plans Phone promotions linked to new plans are available from some providers.,forceKeyA,Get a New Phone for Free,2
Learn About Free Phone Offers with New Plans Phone promotions linked to new plans are available from some providers.,forceKeyB,Free Phone and Plan,2
Learn About Free Phone Offers with New Plans Phone promotions linked to new plans are available from some providers.,forceKeyC,Free Phones for New Customers,2
Learn About Free Phone Offers with New Plans Phone promotions linked to new plans are available from some providers.,forceKeyD,Get a Free Cell Phone Today,2
Learn About Free Phone Offers with New Plans Phone promotions linked to new plans are available from some providers.,forceKeyE,$0 Down New Phones,2
Learn About Free Phone Offers with New Plans Phone promotions linked to new plans are available from some providers.,forceKeyF,Get Free Phone,2
{{product.,forceKeyA,Get a New Phone for Free,1
{{product.,forceKeyB,Free Phone and Plan,1
{{product.,forceKeyC,Free Phones for New Customers,1
{{product.,forceKeyD,Get a Free Cell Phone Today,1
{{product.,forceKeyE,$0 Down New Phones,1
{{product.,forceKeyF,Get Free Phone,1
Learn How Gold IRAs Can Help Diversify Savings Many people are looking into Gold IRAs as a way to protect and diversify their retirement funds.,forceKeyA,Get Free Gold IRA Kit With $10k,3
Learn How Gold IRAs Can Help Diversify Savings Many people are looking into Gold IRAs as a way to protect and diversify their retirement funds.,forceKeyB,Gold Ira Kits [$0 Cost],3
Learn How Gold IRAs Can Help Diversify Savings Many people are looking into Gold IRAs as a way to protect and diversify their retirement funds.,forceKeyC,Gold Ira Kit [$0 Cost],3
Learn How Gold IRAs Can Help Diversify Savings Many people are looking into Gold IRAs as a way to protect and diversify their retirement funds.,forceKeyD,Free Gold IRA Kit U2013 No Cost,3
Learn How Gold IRAs Can Help Diversify Savings Many people are looking into Gold IRAs as a way to protect and diversify their retirement funds.,forceKeyE,Free Gold Ira Kits U2013 no Cost,3
Learn How Gold IRAs Can Help Diversify Savings Many people are looking into Gold IRAs as a way to protect and diversify their retirement funds.,forceKeyF,Get a Gold Ira Kit,3
Botox for Only $119 Full Botox treatment for only $119?,forcekeyA,get $119 botox doctor near me full botox,22
Botox for Only $119 Full Botox treatment for only $119?,forcekeyB,$119 botox doctor near me full botox,22
Botox for Only $119 Full Botox treatment for only $119?,forcekeyC,get $119 botox doctor nearby full botox,22
Botox for Only $119 Full Botox treatment for only $119?,forcekeyD,Get $119 Botox Doctor Near [city] Full Botox,22
Botox for Only $119 Full Botox treatment for only $119?,forcekeyE,Get $119 Botox Doctor Near [region] Full Botox,22
Local Loads for Pickup Trucks ðŸšš Got a pickup?,forcekeyA,available loads [for pickup trucks] (near my zipcode),23
Local Loads for Pickup Trucks ðŸšš Got a pickup?,forcekeyB,available loads [for pickup trucks] nearby,23
Local Loads for Pickup Trucks ðŸšš Got a pickup?,forcekeyC,see available loads [for pickup trucks] (near my zipcode),23
Local Loads for Pickup Trucks ðŸšš Got a pickup?,forcekeyD,find available loads [for pickup trucks] (near my zipcode),23
Local Loads for Pickup Trucks ðŸšš Got a pickup?,forcekeyE,find available loads [for pickup trucks] nearby,23
"Grand Cherokee From $100/Month ðŸš™ Yes, 2024 Grand Cherokees are going for just $100/monthâ€”see where this deal is available near you.",forcekeyA,$100/month - grand cherokee 2024 suvs nearby,9
"Grand Cherokee From $100/Month ðŸš™ Yes, 2024 Grand Cherokees are going for just $100/monthâ€”see where this deal is available near you.",forcekeyB,$100/month grand cherokee 2024 suvs nearby,9
"Grand Cherokee From $100/Month ðŸš™ Yes, 2024 Grand Cherokees are going for just $100/monthâ€”see where this deal is available near you.",forcekeyC,$100/month - grand cherokee 2024 suvs near me,9
"Grand Cherokee From $100/Month ðŸš™ Yes, 2024 Grand Cherokees are going for just $100/monthâ€”see where this deal is available near you.",forcekeyD,$100/month - grand cherokee 2024 suv nearby,9
"Grand Cherokee From $100/Month ðŸš™ Yes, 2024 Grand Cherokees are going for just $100/monthâ€”see where this deal is available near you.",forcekeyE,$100/month - grand cherokee 2025 suvs nearby,9
"Ford F-150 from $100/Month ðŸ›» Yes, you can drive a brand-new 2024 Ford F-150 for just $100/monthâ€”find out where itâ€™s available near you.",forcekeyA,$100/month - Ford F-150 2024 Nearby,11
"Ford F-150 from $100/Month ðŸ›» Yes, you can drive a brand-new 2024 Ford F-150 for just $100/monthâ€”find out where itâ€™s available near you.",forcekeyB,$100/month Ford F-150 2024 Nearby,11
"Ford F-150 from $100/Month ðŸ›» Yes, you can drive a brand-new 2024 Ford F-150 for just $100/monthâ€”find out where itâ€™s available near you.",forcekeyC,$100/month - Ford F-150 2024 Near me,11
"Ford F-150 from $100/Month ðŸ›» Yes, you can drive a brand-new 2024 Ford F-150 for just $100/monthâ€”find out where itâ€™s available near you.",forcekeyD,$100/month - Ford F-150 2025 Nearby,11
"Ford F-150 from $100/Month ðŸ›» Yes, you can drive a brand-new 2024 Ford F-150 for just $100/monthâ€”find out where itâ€™s available near you.",forcekeyE,$100/month - Ford F-150 2024 Near [city],11
Dodge RAM Only $100/Month This Dodge RAM deal is stirring up serious attentionâ€”donâ€™t miss it.,forcekeyA,$100/month - dodge ram 2024 nearby,14
Dodge RAM Only $100/Month This Dodge RAM deal is stirring up serious attentionâ€”donâ€™t miss it.,forcekeyB,$100/month - dodge ram 2024 near me,14
Dodge RAM Only $100/Month This Dodge RAM deal is stirring up serious attentionâ€”donâ€™t miss it.,forcekeyC,$100/month dodge ram 2024 nearby,14
Dodge RAM Only $100/Month This Dodge RAM deal is stirring up serious attentionâ€”donâ€™t miss it.,forcekeyD,see $100/month - dodge ram 2024 nearby,14
Dodge RAM Only $100/Month This Dodge RAM deal is stirring up serious attentionâ€”donâ€™t miss it.,forcekeyE,find $100/month - dodge ram 2024 nearby,14
Casas FHA: $100 Abajo ðŸ’¸ Posee una casa con solo $ 100 abajo!,forcekeyA,fha $100 dollar down payment program,22
Casas FHA: $100 Abajo ðŸ’¸ Posee una casa con solo $ 100 abajo!,forcekeyB,fha $100 dollar down payment program near [city],22
Casas FHA: $100 Abajo ðŸ’¸ Posee una casa con solo $ 100 abajo!,forcekeyC,fha $100 dollar down payment program near me,22
Casas FHA: $100 Abajo ðŸ’¸ Posee una casa con solo $ 100 abajo!,forcekeyD,fha $100 dollar down payment program nearby,22
Casas FHA: $100 Abajo ðŸ’¸ Posee una casa con solo $ 100 abajo!,forcekeyE,fha $100 dollar down payment program in [region],22
Laser Eye Surgery $299 ðŸ‘€ Laser eye surgery starting at just $299?,forcekeyA,$299 laser eye surgery near me,16
Laser Eye Surgery $299 ðŸ‘€ Laser eye surgery starting at just $299?,forcekeyB,see $299 laser eye surgery near me,16
Laser Eye Surgery $299 ðŸ‘€ Laser eye surgery starting at just $299?,forcekeyC,find $299 laser eye surgery near me,16
Laser Eye Surgery $299 ðŸ‘€ Laser eye surgery starting at just $299?,forcekeyD,discover $299 laser eye surgery near me,16
Laser Eye Surgery $299 ðŸ‘€ Laser eye surgery starting at just $299?,forcekeyE,$299 laser eye surgery,16
Full Botox for $119 Full Botox treatment for just $119?,forcekeyA,Get $119 Botox Doctor Near Me Full Botox,8
Full Botox for $119 Full Botox treatment for just $119?,forcekeyB,$119 Botox Doctor Near Me Full Botox,8
Full Botox for $119 Full Botox treatment for just $119?,forcekeyC,Get $119 Botox Doctor Nearby Full Botox,8
Full Botox for $119 Full Botox treatment for just $119?,forcekeyD,Get $119 Botox Doctor Near [city] Full Botox,8
Full Botox for $119 Full Botox treatment for just $119?,forcekeyE,Get $119 Botox Doctor Near [region] Full Botox,8
FHA Homes: $100 Down ðŸ’¸ Own a home with just $100 down!,forcekeyA,fha $100 dollar down payment program,12
FHA Homes: $100 Down ðŸ’¸ Own a home with just $100 down!,forcekeyB,fha $100 dollar down payment program near [city],12
FHA Homes: $100 Down ðŸ’¸ Own a home with just $100 down!,forcekeyC,fha $100 dollar down payment program near me,12
FHA Homes: $100 Down ðŸ’¸ Own a home with just $100 down!,forcekeyD,fha $100 dollar down payment program nearby,12
FHA Homes: $100 Down ðŸ’¸ Own a home with just $100 down!,forcekeyE,fha $100 dollar down payment program in [region],12
Botox Completo por $119 Tratamiento completo de Botox por solo $119â€”rejuvenece tu rostro sin pagar de mÃ¡s.,forcekeyA,get $119 botox doctor near me full botox,4
Botox Completo por $119 Tratamiento completo de Botox por solo $119â€”rejuvenece tu rostro sin pagar de mÃ¡s.,forcekeyB,$119 botox doctor near me full botox,4
Botox Completo por $119 Tratamiento completo de Botox por solo $119â€”rejuvenece tu rostro sin pagar de mÃ¡s.,forcekeyC,get $119 botox doctor nearby full botox,4
Botox Completo por $119 Tratamiento completo de Botox por solo $119â€”rejuvenece tu rostro sin pagar de mÃ¡s.,forcekeyD,Get $119 Botox Doctor Near [city] Full Botox,4
Botox Completo por $119 Tratamiento completo de Botox por solo $119â€”rejuvenece tu rostro sin pagar de mÃ¡s.,forcekeyE,Get $119 Botox Doctor Near [region] Full Botox,4
"Mejores SUVs para Personas Mayores ðŸš— Estos SUVs pequeÃ±os son cÃ³modos, seguros y accesiblesâ€”ideales para personas mayores que saben aprovechar su dinero.",forcekeyA,best small suv for seniors 2025,7
"Mejores SUVs para Personas Mayores ðŸš— Estos SUVs pequeÃ±os son cÃ³modos, seguros y accesiblesâ€”ideales para personas mayores que saben aprovechar su dinero.",forcekeyB,find best small suv for seniors 2025,7
"Mejores SUVs para Personas Mayores ðŸš— Estos SUVs pequeÃ±os son cÃ³modos, seguros y accesiblesâ€”ideales para personas mayores que saben aprovechar su dinero.",forcekeyC,see best small suv for seniors 2025,7
"Mejores SUVs para Personas Mayores ðŸš— Estos SUVs pequeÃ±os son cÃ³modos, seguros y accesiblesâ€”ideales para personas mayores que saben aprovechar su dinero.",forcekeyD,best small suvs for seniors 2025,7
"Mejores SUVs para Personas Mayores ðŸš— Estos SUVs pequeÃ±os son cÃ³modos, seguros y accesiblesâ€”ideales para personas mayores que saben aprovechar su dinero.",forcekeyE,2025 best small suv for seniors 2025,7
Gov-Funded Medical Courses Work from home in healthcare ðŸ’»ðŸ”¥ Training costs?,forcekeyA,gov-funded medical billing courses,4
Gov-Funded Medical Courses Work from home in healthcare ðŸ’»ðŸ”¥ Training costs?,forcekeyB,gov funded medical billing courses,4
Gov-Funded Medical Courses Work from home in healthcare ðŸ’»ðŸ”¥ Training costs?,forcekeyC,government-funded medical billing courses,4
Gov-Funded Medical Courses Work from home in healthcare ðŸ’»ðŸ”¥ Training costs?,forcekeyD,see gov-funded medical billing courses,4
Gov-Funded Medical Courses Work from home in healthcare ðŸ’»ðŸ”¥ Training costs?,forcekeyE,find gov-funded medical billing courses,4
{{product.,forcekeyA,$100/month - dodge ram 2024 nearby,4
{{product.,forcekeyB,$100/month - dodge ram 2024 near me,4
{{product.,forcekeyC,$100/month dodge ram 2024 nearby,4
{{product.,forcekeyD,see $100/month - dodge ram 2024 nearby,4
{{product.,forcekeyE,find $100/month - dodge ram 2024 nearby,4
$100/Mo Dodge RAM This Dodge RAM deal is stirring up serious attentionâ€”donâ€™t miss it.,forcekeyA,$100/month - dodge ram 2024 nearby,11
$100/Mo Dodge RAM This Dodge RAM deal is stirring up serious attentionâ€”donâ€™t miss it.,forcekeyB,$100/month - dodge ram 2024 near me,11
$100/Mo Dodge RAM This Dodge RAM deal is stirring up serious attentionâ€”donâ€™t miss it.,forcekeyC,$100/month dodge ram 2024 nearby,11
$100/Mo Dodge RAM This Dodge RAM deal is stirring up serious attentionâ€”donâ€™t miss it.,forcekeyD,see $100/month - dodge ram 2024 nearby,11
$100/Mo Dodge RAM This Dodge RAM deal is stirring up serious attentionâ€”donâ€™t miss it.,forcekeyE,find $100/month - dodge ram 2024 nearby,11
$100/Month RAM You wonâ€™t believe what you can drive for just $100/month.,forcekeyA,$100/month - dodge ram 2024 nearby,1
$100/Month RAM You wonâ€™t believe what you can drive for just $100/month.,forcekeyB,$100/month - dodge ram 2024 near me,1
$100/Month RAM You wonâ€™t believe what you can drive for just $100/month.,forcekeyC,$100/month dodge ram 2024 nearby,1
$100/Month RAM You wonâ€™t believe what you can drive for just $100/month.,forcekeyD,see $100/month - dodge ram 2024 nearby,1
$100/Month RAM You wonâ€™t believe what you can drive for just $100/month.,forcekeyE,find $100/month - dodge ram 2024 nearby,1
Dodge RAM solo $100/mes Este trato de Dodge RAM estÃ¡ despertando una seria atenciÃ³n-no te lo pierdas.,forcekeyA,$100/month - dodge ram 2024 nearby,4
Dodge RAM solo $100/mes Este trato de Dodge RAM estÃ¡ despertando una seria atenciÃ³n-no te lo pierdas.,forcekeyB,$100/month - dodge ram 2024 near me,4
Dodge RAM solo $100/mes Este trato de Dodge RAM estÃ¡ despertando una seria atenciÃ³n-no te lo pierdas.,forcekeyC,$100/month dodge ram 2024 nearby,4
Dodge RAM solo $100/mes Este trato de Dodge RAM estÃ¡ despertando una seria atenciÃ³n-no te lo pierdas.,forcekeyD,see $100/month - dodge ram 2024 nearby,4
Dodge RAM solo $100/mes Este trato de Dodge RAM estÃ¡ despertando una seria atenciÃ³n-no te lo pierdas.,forcekeyE,find $100/month - dodge ram 2024 nearby,4
Repossessed Deals Youâ€™ll Love ðŸ˜± Luxury cars for under $10K?,forcekeyA,Cheap Repossessed Cars Nearby,1
Repossessed Deals Youâ€™ll Love ðŸ˜± Luxury cars for under $10K?,forcekeyB,bank repossessed cars nearby,6
Repossessed Deals Youâ€™ll Love ðŸ˜± Luxury cars for under $10K?,forcekeyC,Cash Cars Near Me Under 10k,1
Repossessed Deals Youâ€™ll Love ðŸ˜± Luxury cars for under $10K?,forcekeyD,Cheap Repossessed Cars near me Under $10k,1
Repossessed Deals Youâ€™ll Love ðŸ˜± Luxury cars for under $10K?,forcekeyE,Repossessed Cars for sale near me Under $10k,1
Repossessed Deals Youâ€™ll Love ðŸ˜± Luxury cars for under $10K?,forcekeyA,cheap repossessed cars nearby,5
Repossessed Deals Youâ€™ll Love ðŸ˜± Luxury cars for under $10K?,forcekeyC,cash cars near me under 10k,5
Repossessed Deals Youâ€™ll Love ðŸ˜± Luxury cars for under $10K?,forcekeyD,cheap repossessed cars near me under $10k,5
Repossessed Deals Youâ€™ll Love ðŸ˜± Luxury cars for under $10K?,forcekeyE,repossessed cars for sale near me under $10k,5
"$1,800 Phone Now Free This $1,800 foldable phone is now FREE with select plans ðŸ“±ðŸ”¥ No, seriously â€” hereâ€™s how to claim yours.",forcekeyA,order new phone 5g ($0 google pixel pro fold),6
"$1,800 Phone Now Free This $1,800 foldable phone is now FREE with select plans ðŸ“±ðŸ”¥ No, seriously â€” hereâ€™s how to claim yours.",forcekeyB,order new phone and plan ($0 new smartphone),6
"$1,800 Phone Now Free This $1,800 foldable phone is now FREE with select plans ðŸ“±ðŸ”¥ No, seriously â€” hereâ€™s how to claim yours.",forcekeyC,order $0 new phone 5g (google pixel pro fold),6
"$1,800 Phone Now Free This $1,800 foldable phone is now FREE with select plans ðŸ“±ðŸ”¥ No, seriously â€” hereâ€™s how to claim yours.",forcekeyD,order new smartphone 5g ($0 google pixel pro fold),6
"$1,800 Phone Now Free This $1,800 foldable phone is now FREE with select plans ðŸ“±ðŸ”¥ No, seriously â€” hereâ€™s how to claim yours.",forcekeyE,order new smartphone and plan ($0 new phone),6
"Smart SUVs for Smart Seniors ðŸš— These small SUVs are smart, safe, and easy to driveâ€”perfect for seniors who know value matters.",forcekeyA,best small suv for seniors 2025,3
"Smart SUVs for Smart Seniors ðŸš— These small SUVs are smart, safe, and easy to driveâ€”perfect for seniors who know value matters.",forcekeyB,find best small suv for seniors 2025,3
"Smart SUVs for Smart Seniors ðŸš— These small SUVs are smart, safe, and easy to driveâ€”perfect for seniors who know value matters.",forcekeyC,see best small suv for seniors 2025,3
"Smart SUVs for Smart Seniors ðŸš— These small SUVs are smart, safe, and easy to driveâ€”perfect for seniors who know value matters.",forcekeyD,best small suvs for seniors 2025,3
"Smart SUVs for Smart Seniors ðŸš— These small SUVs are smart, safe, and easy to driveâ€”perfect for seniors who know value matters.",forcekeyE,2025 best small suv for seniors 2025,3
"Best SUVs for Drivers 65+ ðŸš™ Seniors are choosing SUVs that prioritize comfort, safety, and effortless entryâ€”discover which models top the list.",forcekeyA,best suv for people over 65,3
"Best SUVs for Drivers 65+ ðŸš™ Seniors are choosing SUVs that prioritize comfort, safety, and effortless entryâ€”discover which models top the list.",forcekeyB,best suvs for people over 65,3
"Best SUVs for Drivers 65+ ðŸš™ Seniors are choosing SUVs that prioritize comfort, safety, and effortless entryâ€”discover which models top the list.",forcekeyC,see best suv for people over 65,3
"Best SUVs for Drivers 65+ ðŸš™ Seniors are choosing SUVs that prioritize comfort, safety, and effortless entryâ€”discover which models top the list.",forcekeyD,discover best suv for people over 65,3
"Best SUVs for Drivers 65+ ðŸš™ Seniors are choosing SUVs that prioritize comfort, safety, and effortless entryâ€”discover which models top the list.",forcekeyE,find best suv for people over 65,3
"Botox Completo por $119 Tratamiento completo de Botox por solo $119â€”sÃ­, es real y estÃ¡ disponible cerca de ti.",forcekeyA,get $119 botox doctor near me full botox,12
"Botox Completo por $119 Tratamiento completo de Botox por solo $119â€”sÃ­, es real y estÃ¡ disponible cerca de ti.",forcekeyB,$119 botox doctor near me full botox,12
"Botox Completo por $119 Tratamiento completo de Botox por solo $119â€”sÃ­, es real y estÃ¡ disponible cerca de ti.",forcekeyC,get $119 botox doctor nearby full botox,12
"Botox Completo por $119 Tratamiento completo de Botox por solo $119â€”sÃ­, es real y estÃ¡ disponible cerca de ti.",forcekeyD,get $119 botox doctor near miami full botox,4
"Botox Completo por $119 Tratamiento completo de Botox por solo $119â€”sÃ­, es real y estÃ¡ disponible cerca de ti.",forcekeyE,get $119 botox doctor near florida full botox,4
"Botox Completo por $119 Tratamiento completo de Botox por solo $119â€”sÃ­, es real y estÃ¡ disponible cerca de ti.",forcekeyD,Get $119 Botox Doctor Near [city] Full Botox,8
"Botox Completo por $119 Tratamiento completo de Botox por solo $119â€”sÃ­, es real y estÃ¡ disponible cerca de ti.",forcekeyE,Get $119 Botox Doctor Near [region] Full Botox,8
Compra tu Casa con Dinero Gratis: Descubre CÃ³mo Â¿Quieres comprar una casa pero no tienes dinero?,forcekeyA,Help me get a house,8
Compra tu Casa con Dinero Gratis: Descubre CÃ³mo Â¿Quieres comprar una casa pero no tienes dinero?,forcekeyB,Assist me in getting a house,8
Compra tu Casa con Dinero Gratis: Descubre CÃ³mo Â¿Quieres comprar una casa pero no tienes dinero?,forcekeyC,Help me get a house in {city},8
Compra tu Casa con Dinero Gratis: Descubre CÃ³mo Â¿Quieres comprar una casa pero no tienes dinero?,forcekeyD,Help me get a house in 2025,8
Compra tu Casa con Dinero Gratis: Descubre CÃ³mo Â¿Quieres comprar una casa pero no tienes dinero?,forcekeyE,Help me get a house in {region} by 2025,8
$249/Month Senior Living!,forcekeyA,Senior Living Options for $249/month,36
$249/Month Senior Living!,forcekeyB,see Senior Living Options for $249/month,36
$249/Month Senior Living!,forcekeyC,find Senior Living Options for $249/month,36
$249/Month Senior Living!,forcekeyD,must see Senior Living Options for $249/month,36
$249/Month Senior Living!,forcekeyE,must-see Senior Living Options for $249/month,36
Tree Removal for Just $49 â€“ See If You Qualify!,forcekeyA,tree cutting service for $49 near my zipcode,7
Tree Removal for Just $49 â€“ See If You Qualify!,forcekeyB,tree cutting services for $49 near my zipcode,7
Tree Removal for Just $49 â€“ See If You Qualify!,forcekeyC,tree cutting service near my zipcode for $49,7
Tree Removal for Just $49 â€“ See If You Qualify!,forcekeyD,tree cutting services near my zipcode for $49,7
Tree Removal for Just $49 â€“ See If You Qualify!,forcekeyE,tree cutting service for $49 near me,11
Botox completo solo $119 Luce radiante con Botox completo por solo $119â€”la belleza gana aquÃ­ everydaysolutions.,forcekeyA,get $119 botox doctor near me full botox,12
Botox completo solo $119 Luce radiante con Botox completo por solo $119â€”la belleza gana aquÃ­ everydaysolutions.,forcekeyB,$119 botox doctor near me full botox,12
Botox completo solo $119 Luce radiante con Botox completo por solo $119â€”la belleza gana aquÃ­ everydaysolutions.,forcekeyC,get $119 botox doctor nearby full botox,12
Botox completo solo $119 Luce radiante con Botox completo por solo $119â€”la belleza gana aquÃ­ everydaysolutions.,forcekeyD,Get $119 Botox Doctor Near [city] Full Botox,23
Botox completo solo $119 Luce radiante con Botox completo por solo $119â€”la belleza gana aquÃ­ everydaysolutions.,forcekeyE,Get $119 Botox Doctor Near [region] Full Botox,23
Botox completo solo $119 Luce radiante con Botox completo por solo $119â€”la belleza gana aquÃ­ everydaysolutions.,forcekeyA,Get $119 Botox Doctor Near Me Full Botox,11
Botox completo solo $119 Luce radiante con Botox completo por solo $119â€”la belleza gana aquÃ­ everydaysolutions.,forcekeyB,$119 Botox Doctor Near Me Full Botox,11
Botox completo solo $119 Luce radiante con Botox completo por solo $119â€”la belleza gana aquÃ­ everydaysolutions.,forcekeyC,Get $119 Botox Doctor Nearby Full Botox,11
TelÃ©fonos Gratis para Adultos Mayores Celulares econÃ³micos y fÃ¡ciles de usar esperan por los adultos mayores.,forcekeyA,discounted senior phone plans,18
TelÃ©fonos Gratis para Adultos Mayores Celulares econÃ³micos y fÃ¡ciles de usar esperan por los adultos mayores.,forcekeyB,get discounted senior phone plans,18
TelÃ©fonos Gratis para Adultos Mayores Celulares econÃ³micos y fÃ¡ciles de usar esperan por los adultos mayores.,forcekeyC,discounted phones for seniors 60 and older,18
TelÃ©fonos Gratis para Adultos Mayores Celulares econÃ³micos y fÃ¡ciles de usar esperan por los adultos mayores.,forcekeyD,discounted phones for seniors 60,18
TelÃ©fonos Gratis para Adultos Mayores Celulares econÃ³micos y fÃ¡ciles de usar esperan por los adultos mayores.,forcekeyE,best discounted senior phone plans,18
Comunidades para adultos mayores que estÃ¡n dando de quÃ© hablar en 2025 Â¿EstÃ¡s pensando en mudarte?,forcekeyA,55 plus apartments,4
Comunidades para adultos mayores que estÃ¡n dando de quÃ© hablar en 2025 Â¿EstÃ¡s pensando en mudarte?,forcekeyB,55 and older apartments,4
Comunidades para adultos mayores que estÃ¡n dando de quÃ© hablar en 2025 Â¿EstÃ¡s pensando en mudarte?,forcekeyC,new 55 plus communities,4
Comunidades para adultos mayores que estÃ¡n dando de quÃ© hablar en 2025 Â¿EstÃ¡s pensando en mudarte?,forcekeyD,55 plus new construction,4
Comunidades para adultos mayores que estÃ¡n dando de quÃ© hablar en 2025 Â¿EstÃ¡s pensando en mudarte?,forcekeyE,homes for 55 and older,4
ðŸ›» GMC Sierra Under $10k Deal!,forcekeyA,gmc sierra 1500 clearance sale - see [region] prices,3
ðŸ›» GMC Sierra Under $10k Deal!,forcekeyB,see gmc sierra 1500 clearance sale - see [region] prices,3
ðŸ›» GMC Sierra Under $10k Deal!,forcekeyC,find gmc sierra 1500 clearance sale - see [region] prices,3
ðŸ›» GMC Sierra Under $10k Deal!,forcekeyD,gmc sierra 1500 clearance sales - see [region] prices,3
ðŸ›» GMC Sierra Under $10k Deal!,forcekeyE,see gmc sierra 1500 clearance sales - see [region] prices,3
Dinero Gratis Para Comprar Casa â€” Â¡Revisa AquÃ­!,forcekeyA,Assist Me in Getting a House,11
Dinero Gratis Para Comprar Casa â€” Â¡Revisa AquÃ­!,forcekeyB,Help Me Get a House in [state] by 2025,11
Dinero Gratis Para Comprar Casa â€” Â¡Revisa AquÃ­!,forcekeyC,Assist Me in Getting a House by 2025,11
Dinero Gratis Para Comprar Casa â€” Â¡Revisa AquÃ­!,forcekeyD,Help Me Get a House in [state] in 2025,11
Dinero Gratis Para Comprar Casa â€” Â¡Revisa AquÃ­!,forcekeyE,Assist Me in Getting a House in 2025,11
Full Botox Treatment â€” Only $119!,forcekeyA,get $119 botox doctor near me full botox,14
Full Botox Treatment â€” Only $119!,forcekeyB,$119 botox doctor near me full botox,14
Full Botox Treatment â€” Only $119!,forcekeyC,see $119 botox doctor near me full botox,14
Full Botox Treatment â€” Only $119!,forcekeyD,find $119 botox doctor near me full botox,14
Full Botox Treatment â€” Only $119!,forcekeyE,must-see $119 botox doctor near me full botox,14
ðŸš€ Govt-Funded LPN Training ðŸ“š Train as an Licensed Nurse Practitioner â€” 100% government-funded!,forcekeyA,3 weeks lpn online course {region_code} approved,4
ðŸš€ Govt-Funded LPN Training ðŸ“š Train as an Licensed Nurse Practitioner â€” 100% government-funded!,forcekeyB,become an lpn in 3 weeks {region_code} approved,4
ðŸš€ Govt-Funded LPN Training ðŸ“š Train as an Licensed Nurse Practitioner â€” 100% government-funded!,forcekeyC,government-funded lpn education,4
ðŸš€ Govt-Funded LPN Training ðŸ“š Train as an Licensed Nurse Practitioner â€” 100% government-funded!,forcekeyD,3 weeks lpn online course {city} approved,4
ðŸš€ Govt-Funded LPN Training ðŸ“š Train as an Licensed Nurse Practitioner â€” 100% government-funded!,forcekeyE,become an lpn in 3 weeks {city} approved,4
Botox completo solo $149 Obtener brillante con Botox completo en solo $ 149-belleza gana aquÃ­ ðŸ’‰ https://everydaysolutions.,forcekeyA,Get $149 Botox Doctor Near Me Full Botox,4
Botox completo solo $149 Obtener brillante con Botox completo en solo $ 149-belleza gana aquÃ­ ðŸ’‰ https://everydaysolutions.,forcekeyB,$149 Botox Doctor Near Me Full Botox,4
Botox completo solo $149 Obtener brillante con Botox completo en solo $ 149-belleza gana aquÃ­ ðŸ’‰ https://everydaysolutions.,forcekeyC,Get $149 Botox Doctor Nearby Full Botox,4
Botox completo solo $149 Obtener brillante con Botox completo en solo $ 149-belleza gana aquÃ­ ðŸ’‰ https://everydaysolutions.,forcekeyD,Get $149 Botox Doctor Near [city] Full Botox,4
Botox completo solo $149 Obtener brillante con Botox completo en solo $ 149-belleza gana aquÃ­ ðŸ’‰ https://everydaysolutions.,forcekeyE,Get $149 Botox Doctor Near [region] Full Botox,4
Full Botox Only $119 Get glowing with full Botox at just $119â€”beauty wins here ðŸ’‰ everydaysolutions.,forcekeyA,Get $119 Botox Doctor Near Me Full Botox,1
Full Botox Only $119 Get glowing with full Botox at just $119â€”beauty wins here ðŸ’‰ everydaysolutions.,forcekeyB,$119 Botox Doctor Near Me Full Botox,1
Full Botox Only $119 Get glowing with full Botox at just $119â€”beauty wins here ðŸ’‰ everydaysolutions.,forcekeyC,Get $119 Botox Doctor Nearby Full Botox,1
Full Botox Only $119 Get glowing with full Botox at just $119â€”beauty wins here ðŸ’‰ everydaysolutions.,forcekeyD,Get $119 Botox Doctor Near [city] Full Botox,1
Full Botox Only $119 Get glowing with full Botox at just $119â€”beauty wins here ðŸ’‰ everydaysolutions.,forcekeyE,Get $119 Botox Doctor Near [region] Full Botox,1
Everyday Solutions III Get glowing with full Botox at just $119â€”beauty wins here ðŸ’‰ everydaysolutions.,forcekeyA,Get $119 Botox Doctor Near Me Full Botox,1
Everyday Solutions III Get glowing with full Botox at just $119â€”beauty wins here ðŸ’‰ everydaysolutions.,forcekeyB,$119 Botox Doctor Near Me Full Botox,1
Everyday Solutions III Get glowing with full Botox at just $119â€”beauty wins here ðŸ’‰ everydaysolutions.,forcekeyC,Get $119 Botox Doctor Nearby Full Botox,1
Everyday Solutions III Get glowing with full Botox at just $119â€”beauty wins here ðŸ’‰ everydaysolutions.,forcekeyD,Get $119 Botox Doctor Near [city] Full Botox,1
Everyday Solutions III Get glowing with full Botox at just $119â€”beauty wins here ðŸ’‰ everydaysolutions.,forcekeyE,Get $119 Botox Doctor Near [region] Full Botox,1
How to Know You Have HIV ðŸ©º Think you might have HIV?,forcekeyA,how do i know if i've got hiv,4
How to Know You Have HIV ðŸ©º Think you might have HIV?,forcekeyB,how do i know if i have got hiv,4
How to Know You Have HIV ðŸ©º Think you might have HIV?,forcekeyC,how do i know if i have hiv,4
How to Know You Have HIV ðŸ©º Think you might have HIV?,forcekeyD,discover how do i know if i've got hiv,4
How to Know You Have HIV ðŸ©º Think you might have HIV?,forcekeyE,how to know if i've got hiv,4
Medicare May Cover Scooter 100% ðŸ›µ Medicare may cover your mobility scooter at 100%â€”see if you qualify and apply today.,forcekeyA,applying for medicare-covered mobility scooters asap - 100 coverage,4
Medicare May Cover Scooter 100% ðŸ›µ Medicare may cover your mobility scooter at 100%â€”see if you qualify and apply today.,forcekeyB,medicare-covered mobility scooters asap - 100 coverage,4
Medicare May Cover Scooter 100% ðŸ›µ Medicare may cover your mobility scooter at 100%â€”see if you qualify and apply today.,forcekeyC,see medicare-covered mobility scooters asap - 100 coverage,4
Medicare May Cover Scooter 100% ðŸ›µ Medicare may cover your mobility scooter at 100%â€”see if you qualify and apply today.,forcekeyD,find medicare-covered mobility scooters asap - 100 coverage,4
Medicare May Cover Scooter 100% ðŸ›µ Medicare may cover your mobility scooter at 100%â€”see if you qualify and apply today.,forcekeyE,apply for medicare-covered mobility scooters asap - 100 coverage,4
Obtener Ayuda Para Comprar Una Casa El gobierno estÃ¡ dando subsidios de vivienda con CERO reembolso requerido!,forcekeyA,help me get a house in [region] by 2025,7
Obtener Ayuda Para Comprar Una Casa El gobierno estÃ¡ dando subsidios de vivienda con CERO reembolso requerido!,forcekeyB,help me get a house,7
Obtener Ayuda Para Comprar Una Casa El gobierno estÃ¡ dando subsidios de vivienda con CERO reembolso requerido!,forcekeyC,help me get a house 2025,7
Obtener Ayuda Para Comprar Una Casa El gobierno estÃ¡ dando subsidios de vivienda con CERO reembolso requerido!,forcekeyD,help me get a house in [region],7
Obtener Ayuda Para Comprar Una Casa El gobierno estÃ¡ dando subsidios de vivienda con CERO reembolso requerido!,forcekeyE,government help me get a house,7
"Comidas Gratis Entregadas para Adultos Mayores ðŸ¥— Los adultos mayores pueden calificar para recibir comidas nutritivas gratis, entregadas directamente en su puertaâ€”descubre hoy si",forcekeyA,Meals on Wheels,8
"Comidas Gratis Entregadas para Adultos Mayores ðŸ¥— Los adultos mayores pueden calificar para recibir comidas nutritivas gratis, entregadas directamente en su puertaâ€”descubre hoy si",forcekeyB,home delivered meals for seniors no cost,8
"Comidas Gratis Entregadas para Adultos Mayores ðŸ¥— Los adultos mayores pueden calificar para recibir comidas nutritivas gratis, entregadas directamente en su puertaâ€”descubre hoy si",forcekeyC,$0 meal delivery,8
"Comidas Gratis Entregadas para Adultos Mayores ðŸ¥— Los adultos mayores pueden calificar para recibir comidas nutritivas gratis, entregadas directamente en su puertaâ€”descubre hoy si",forcekeyD,free home delivered meals for seniors near me,12
"Comidas Gratis Entregadas para Adultos Mayores ðŸ¥— Los adultos mayores pueden calificar para recibir comidas nutritivas gratis, entregadas directamente en su puertaâ€”descubre hoy si",forcekeyE,free home delivered meals for seniors,8
$10 Pet Protection Plans ðŸ¾ ðŸ¾ Keep your furry friend safe for just $10/monthâ€”because their health is priceless.,forcekeyA,pet insurance for dogs ($10/month),4
$10 Pet Protection Plans ðŸ¾ ðŸ¾ Keep your furry friend safe for just $10/monthâ€”because their health is priceless.,forcekeyB,find pet insurance for dogs ($10/month),4
$10 Pet Protection Plans ðŸ¾ ðŸ¾ Keep your furry friend safe for just $10/monthâ€”because their health is priceless.,forcekeyC,get pet insurance for dogs ($10/month),4
$10 Pet Protection Plans ðŸ¾ ðŸ¾ Keep your furry friend safe for just $10/monthâ€”because their health is priceless.,forcekeyD,$10 pet insurance in [city],3
$10 Pet Protection Plans ðŸ¾ ðŸ¾ Keep your furry friend safe for just $10/monthâ€”because their health is priceless.,forcekeyE,$10 pet insurance in [region],3
$10 Pet Protection Plans ðŸ¾ ðŸ¾ Keep your furry friend safe for just $10/monthâ€”because their health is priceless.,forcekeyD,pet insurance for dogs ($10/month),1
$10 Pet Protection Plans ðŸ¾ ðŸ¾ Keep your furry friend safe for just $10/monthâ€”because their health is priceless.,forcekeyE,affordable dog insurance,1
"Safe Weight Loss for $45 ðŸŒŸ Transform your health with a safe, effective weight loss programâ€”just $45/month to start your journey.",forcekeyA,$45 ozempic program cost,5
"Safe Weight Loss for $45 ðŸŒŸ Transform your health with a safe, effective weight loss programâ€”just $45/month to start your journey.",forcekeyB,get ozempic $45,5
"Safe Weight Loss for $45 ðŸŒŸ Transform your health with a safe, effective weight loss programâ€”just $45/month to start your journey.",forcekeyC,get ozempic online $45,5
"Safe Weight Loss for $45 ðŸŒŸ Transform your health with a safe, effective weight loss programâ€”just $45/month to start your journey.",forcekeyD,find $45 ozempic program,5
"Safe Weight Loss for $45 ðŸŒŸ Transform your health with a safe, effective weight loss programâ€”just $45/month to start your journey.",forcekeyE,get ozempic $45 delivered,5
{{product.,forcekeyA,home delivered meals for seniors no cost,4
{{product.,forcekeyB,$0 meal delivery,4
{{product.,forcekeyC,free home delivered meals for seniors near me,4
{{product.,forcekeyD,free home delivered meals for seniors,4
{{product.,forcekeyE,$0 meal delivery in [city],4
"Comidas Gratis Entregadas para Adultos Mayores ðŸ¥— Los adultos mayores pueden calificar para recibir comidas nutritivas gratis, entregadas directamente en su puertaâ€”descubre hoy si",forcekeyA,home delivered meals for seniors no cost,8
"Comidas Gratis Entregadas para Adultos Mayores ðŸ¥— Los adultos mayores pueden calificar para recibir comidas nutritivas gratis, entregadas directamente en su puertaâ€”descubre hoy si",forcekeyB,$0 meal delivery,8
"Comidas Gratis Entregadas para Adultos Mayores ðŸ¥— Los adultos mayores pueden calificar para recibir comidas nutritivas gratis, entregadas directamente en su puertaâ€”descubre hoy si",forcekeyC,free home delivered meals for seniors near me,8
"Comidas Gratis Entregadas para Adultos Mayores ðŸ¥— Los adultos mayores pueden calificar para recibir comidas nutritivas gratis, entregadas directamente en su puertaâ€”descubre hoy si",forcekeyD,free home delivered meals for seniors,4
"Comidas Gratis Entregadas para Adultos Mayores ðŸ¥— Los adultos mayores pueden calificar para recibir comidas nutritivas gratis, entregadas directamente en su puertaâ€”descubre hoy si",forcekeyE,$0 meal delivery in [city],8
$100/mo Ford F-150 Oferta ðŸš— Ponte al volante de un Ford F-150 por solo $100/mes!,forcekeyA,$100/month - Ford F-150 2024 Nearby,7
$100/mo Ford F-150 Oferta ðŸš— Ponte al volante de un Ford F-150 por solo $100/mes!,forcekeyB,$100/month Ford F-150 2024 Nearby,7
$100/mo Ford F-150 Oferta ðŸš— Ponte al volante de un Ford F-150 por solo $100/mes!,forcekeyC,$100/month - Ford F-150 2024 Near me,7
$100/mo Ford F-150 Oferta ðŸš— Ponte al volante de un Ford F-150 por solo $100/mes!,forcekeyD,$100/month - Ford F-150 2025 Nearby,7
$100/mo Ford F-150 Oferta ðŸš— Ponte al volante de un Ford F-150 por solo $100/mes!,forcekeyE,$100/month - Ford F-150 2024 Near [city],7
Viviendas para Adultos Mayores Desde $499/mes ðŸ¡ ðŸ¡ Descubre comunidades para mayores de 55 aÃ±os desde solo $499 al mesâ€”comodidad asequible sin compromisos.,forcekeyA,$499/mo 55 and Older Apartments Near Me,3
Viviendas para Adultos Mayores Desde $499/mes ðŸ¡ ðŸ¡ Descubre comunidades para mayores de 55 aÃ±os desde solo $499 al mesâ€”comodidad asequible sin compromisos.,forcekeyB,$499/mo Senior Living,3
Viviendas para Adultos Mayores Desde $499/mes ðŸ¡ ðŸ¡ Descubre comunidades para mayores de 55 aÃ±os desde solo $499 al mesâ€”comodidad asequible sin compromisos.,forcekeyC,$499/mo 55 and Older Apartments in [city],3
Viviendas para Adultos Mayores Desde $499/mes ðŸ¡ ðŸ¡ Descubre comunidades para mayores de 55 aÃ±os desde solo $499 al mesâ€”comodidad asequible sin compromisos.,forcekeyD,$499/mo 55 and Older Apartments in [region],3
Viviendas para Adultos Mayores Desde $499/mes ðŸ¡ ðŸ¡ Descubre comunidades para mayores de 55 aÃ±os desde solo $499 al mesâ€”comodidad asequible sin compromisos.,forcekeyE,$499/mo 55  Apartments,3
Seniors: Get $10/Mo Internet ðŸ’¸ Internet for $10?,forcekeyA,$10 Internet Providers in My Zip Code,16
Seniors: Get $10/Mo Internet ðŸ’¸ Internet for $10?,forcekeyB,find $10 Internet Providers in My Zip Code,16
Seniors: Get $10/Mo Internet ðŸ’¸ Internet for $10?,forcekeyC,see $10 Internet Providers in My Zip Code,16
Seniors: Get $10/Mo Internet ðŸ’¸ Internet for $10?,forcekeyD,$10 Internet Provider in My Zip Code,16
Seniors: Get $10/Mo Internet ðŸ’¸ Internet for $10?,forcekeyE,get $10 Internet Providers in My Zip Code,16
Senior Living From $499/Month ðŸ¡ ðŸ¡ Discover 55+ senior living communities starting at just $499/monthâ€”affordable comfort without compromise.,forcekeyA,$499/mo 55 and Older Apartments Near Me,5
Senior Living From $499/Month ðŸ¡ ðŸ¡ Discover 55+ senior living communities starting at just $499/monthâ€”affordable comfort without compromise.,forcekeyB,$499/mo Senior Living,5
Senior Living From $499/Month ðŸ¡ ðŸ¡ Discover 55+ senior living communities starting at just $499/monthâ€”affordable comfort without compromise.,forcekeyC,$499/mo 55 and Older Apartments in [city],5
Senior Living From $499/Month ðŸ¡ ðŸ¡ Discover 55+ senior living communities starting at just $499/monthâ€”affordable comfort without compromise.,forcekeyD,$499/mo 55 and Older Apartments in [region],5
Senior Living From $499/Month ðŸ¡ ðŸ¡ Discover 55+ senior living communities starting at just $499/monthâ€”affordable comfort without compromise.,forcekeyE,$499/mo 55  Apartments,5
Drive your new truck with zero down Drive your dream truck today!,forcekeyA,100 accepted 0 down options new f150 and ram trucks near me [at no cost] apply now,2
Drive your new truck with zero down Drive your dream truck today!,forcekeyB,find 100 accepted 0 down options new f150 and ram trucks near me [at no cost] apply now,2
Drive your new truck with zero down Drive your dream truck today!,forcekeyC,100 accepted 0 down options new f150 and ram trucks near me [at no cost] apply now near you,2
Drive your new truck with zero down Drive your dream truck today!,forcekeyD,get 100 accepted 0 down options new f150 and ram trucks near me [at no cost] apply now,2
Drive your new truck with zero down Drive your dream truck today!,forcekeyE,apply for 100 accepted 0 down options new f150 and ram trucks near me [at no cost] apply now,2
Get paid to learn â€” start driving today Get paid while you train!,forcekeyA,pickup driver career,2
Get paid to learn â€” start driving today Get paid while you train!,forcekeyB,find pickup driver career,2
Get paid to learn â€” start driving today Get paid while you train!,forcekeyC,pickup driver career near you,2
Get paid to learn â€” start driving today Get paid while you train!,forcekeyD,start pickup driver career,2
Get paid to learn â€” start driving today Get paid while you train!,forcekeyE,apply for pickup driver career,2
Â¡Solo $249 al mes por vivienda para mayores!,forcekeyA,best senior living options for $249/mo,15
Â¡Solo $249 al mes por vivienda para mayores!,forcekeyB,senior living options for $249/mo,15
Â¡Solo $249 al mes por vivienda para mayores!,forcekeyC,find senior living options for $249/mo,15
Â¡Solo $249 al mes por vivienda para mayores!,forcekeyD,best senior living options for $249/month,15
Â¡Solo $249 al mes por vivienda para mayores!,forcekeyE,senior living options for $249/month,15
Juvederm treatments at surprisingly low prices Smooth out wrinkles and restore volume â€” Juvederm treatments are more affordable than ever.,forcekeyA,juvÃ©derm clinics near me,3
Juvederm treatments at surprisingly low prices Smooth out wrinkles and restore volume â€” Juvederm treatments are more affordable than ever.,forcekeyB,find juvÃ©derm clinics near me,3
Juvederm treatments at surprisingly low prices Smooth out wrinkles and restore volume â€” Juvederm treatments are more affordable than ever.,forcekeyC,see juvÃ©derm clinics near me,3
Juvederm treatments at surprisingly low prices Smooth out wrinkles and restore volume â€” Juvederm treatments are more affordable than ever.,forcekeyD,must-see juvÃ©derm clinics near me,3
Juvederm treatments at surprisingly low prices Smooth out wrinkles and restore volume â€” Juvederm treatments are more affordable than ever.,forcekeyE,must see juvÃ©derm clinics near me,3
Take back your independence today Regain your freedom with a Medicare-covered mobility scooter â€” no out-of-pocket costs for those who qualify.,forcekeyA,applying for medicare-covered mobility scooters asap - 100 coverage,3
Take back your independence today Regain your freedom with a Medicare-covered mobility scooter â€” no out-of-pocket costs for those who qualify.,forcekeyB,apply for medicare-covered mobility scooters asap - 100 coverage,3
Take back your independence today Regain your freedom with a Medicare-covered mobility scooter â€” no out-of-pocket costs for those who qualify.,forcekeyC,find applying for medicare-covered mobility scooters asap - 100 coverage,3
Take back your independence today Regain your freedom with a Medicare-covered mobility scooter â€” no out-of-pocket costs for those who qualify.,forcekeyD,applying for medicare-covered mobility scooters asap - 100 coverage near you,3
Take back your independence today Regain your freedom with a Medicare-covered mobility scooter â€” no out-of-pocket costs for those who qualify.,forcekeyE,get applying for medicare-covered mobility scooters asap - 100 coverage,3
Grand Cherokee From $100/Month Donâ€™t miss this: Grand Cherokee SUV deals starting at just $100/monthâ€”available now in your area.,forcekeyA,$100/month â€ Grand Cherokee 2024 Suvs Nearby,15
Grand Cherokee From $100/Month Donâ€™t miss this: Grand Cherokee SUV deals starting at just $100/monthâ€”available now in your area.,forcekeyB,$100/month Grand Cherokee 2024 Suvs Nearby,15
Grand Cherokee From $100/Month Donâ€™t miss this: Grand Cherokee SUV deals starting at just $100/monthâ€”available now in your area.,forcekeyC,$100/month â€ Grand Cherokee 2024 Suvs Near me,15
Grand Cherokee From $100/Month Donâ€™t miss this: Grand Cherokee SUV deals starting at just $100/monthâ€”available now in your area.,forcekeyD,$100/month â€ Grand Cherokee 2024 Suv Nearby,15
Grand Cherokee From $100/Month Donâ€™t miss this: Grand Cherokee SUV deals starting at just $100/monthâ€”available now in your area.,forcekeyE,$100/month â€ Grand Cherokee 2025 Suvs Nearby,15
Medications Linked to Atrial Fibrillation ðŸ’Š New research reveals medications linked to atrial fibrillationâ€”see which drugs could increase your risk.,forcekeyA,paroxysmal atrial fibrillation anticoagulation,2
Medications Linked to Atrial Fibrillation ðŸ’Š New research reveals medications linked to atrial fibrillationâ€”see which drugs could increase your risk.,forcekeyB,atrial fibrillation medications,2
Medications Linked to Atrial Fibrillation ðŸ’Š New research reveals medications linked to atrial fibrillationâ€”see which drugs could increase your risk.,forcekeyC,anticoagulation in elderly patients with atrial fibrillation,2
Medications Linked to Atrial Fibrillation ðŸ’Š New research reveals medications linked to atrial fibrillationâ€”see which drugs could increase your risk.,forcekeyD,symptoms of atrial fibrillation in elderly,2
Medications Linked to Atrial Fibrillation ðŸ’Š New research reveals medications linked to atrial fibrillationâ€”see which drugs could increase your risk.,forcekeyE,early detection of atrial fibrillation,2
Talk to a Local Immigration Lawyer ðŸŒŽ Need immigration assistance?,forcekeyA,Immigration attorneys in Santa Monica,3
Talk to a Local Immigration Lawyer ðŸŒŽ Need immigration assistance?,forcekeyB,Immigration attorney in California,3
Talk to a Local Immigration Lawyer ðŸŒŽ Need immigration assistance?,forcekeyC,Find an immigration lawyer,3
Talk to a Local Immigration Lawyer ðŸŒŽ Need immigration assistance?,forcekeyD,Get an immigration lawyer quickly,3
Talk to a Local Immigration Lawyer ðŸŒŽ Need immigration assistance?,forcekeyE,Find immigration lawyer in my area,3
Internet desde $19 Â¡Tu cÃ³digo postal califica!,forcekeyA,$19.99 Internet Providers in My Zip Code,15
Internet desde $19 Â¡Tu cÃ³digo postal califica!,forcekeyB,see $19.99 Internet Providers in My Zip Code,15
Internet desde $19 Â¡Tu cÃ³digo postal califica!,forcekeyC,find $19.99 Internet Providers in My Zip Code,15
Internet desde $19 Â¡Tu cÃ³digo postal califica!,forcekeyD,$19.99 Internet Provider in My Zip Code,15
Internet desde $19 Â¡Tu cÃ³digo postal califica!,forcekeyE,get $19.99 Internet Providers in My Zip Code,15
Instant Rogue Approval Want a Nissan Rogue?,forcekeyA,nearby rogue - zero down 100 accepted suvs,15
Instant Rogue Approval Want a Nissan Rogue?,forcekeyB,find nearby rogue - zero down 100 accepted suvs,15
Instant Rogue Approval Want a Nissan Rogue?,forcekeyC,get nearby rogue - zero down 100 accepted suvs,15
Instant Rogue Approval Want a Nissan Rogue?,forcekeyD,see nearby rogue - zero down 100 accepted suvs,15
Instant Rogue Approval Want a Nissan Rogue?,forcekeyE,nearby rogue - zero down 100 accepted suv,15
Tree Removal for Just $49 â€“ See If You Qualify!,forcekeyA,Tree Cutting Service for $49 Near My Zipcode,87
Tree Removal for Just $49 â€“ See If You Qualify!,forcekeyB,Tree Cutting Services for $49 Near My Zipcode,87
Tree Removal for Just $49 â€“ See If You Qualify!,forcekeyC,Tree Cutting Service Near My Zipcode for $49,87
Tree Removal for Just $49 â€“ See If You Qualify!,forcekeyD,Tree Cutting Services Near My Zipcode for $49,87
Tree Removal for Just $49 â€“ See If You Qualify!,forcekeyE,Tree Cutting Service for $49 Near Me,87
Ram 2024 por $100/Mes La Dodge Ram 2024 estÃ¡ aquÃ­ por solo $100 al mes.,forcekeyA,$100/month - Dodge Ram 2024 Nearby,19
Ram 2024 por $100/Mes La Dodge Ram 2024 estÃ¡ aquÃ­ por solo $100 al mes.,forcekeyB,$100/month - Dodge Ram 2024 Near Me,19
Ram 2024 por $100/Mes La Dodge Ram 2024 estÃ¡ aquÃ­ por solo $100 al mes.,forcekeyC,$100/month Dodge Ram 2024 Nearby,19
Ram 2024 por $100/Mes La Dodge Ram 2024 estÃ¡ aquÃ­ por solo $100 al mes.,forcekeyD,See $100/month - Dodge Ram 2024 Nearby,19
Ram 2024 por $100/Mes La Dodge Ram 2024 estÃ¡ aquÃ­ por solo $100 al mes.,forcekeyE,Find $100/month - Dodge Ram 2024 Nearby,19
"$99 Laser Skin Rejuvenation Get fresh, rejuvenated skin with laser treatments.",forcekeyA,Laser skin rejuvenation [city],27
"$99 Laser Skin Rejuvenation Get fresh, rejuvenated skin with laser treatments.",forcekeyB,Laser skin rejuvenation in [city],27
"$99 Laser Skin Rejuvenation Get fresh, rejuvenated skin with laser treatments.",forcekeyC,Facial Laser Rejuvenation Treatment,27
"$99 Laser Skin Rejuvenation Get fresh, rejuvenated skin with laser treatments.",forcekeyD,Face Rejuvenation Laser Treatment,27
"$99 Laser Skin Rejuvenation Get fresh, rejuvenated skin with laser treatments.",forcekeyE,Facial Laser Treatment,27
$99 Laser Skin Rejuvenation Rejuvenate Your Skin!,forcekeyA,Laser skin rejuvenation [city],1
$99 Laser Skin Rejuvenation Rejuvenate Your Skin!,forcekeyB,Laser skin rejuvenation in [city],1
$99 Laser Skin Rejuvenation Rejuvenate Your Skin!,forcekeyC,Facial Laser Rejuvenation Treatment,1
$99 Laser Skin Rejuvenation Rejuvenate Your Skin!,forcekeyD,Face Rejuvenation Laser Treatment,1
$99 Laser Skin Rejuvenation Rejuvenate Your Skin!,forcekeyE,Facial Laser Treatment,1
"Budget-Friendly 55+ Apartments Revealed Discover hidden affordable apartment options designed for those 55+, with benefits you might not expect.",forcekeyA,55 and older apartments near me,14
"Budget-Friendly 55+ Apartments Revealed Discover hidden affordable apartment options designed for those 55+, with benefits you might not expect.",forcekeyB,see 55 and older apartments near me,14
"Budget-Friendly 55+ Apartments Revealed Discover hidden affordable apartment options designed for those 55+, with benefits you might not expect.",forcekeyC,find 55 and older apartments near me,14
"Budget-Friendly 55+ Apartments Revealed Discover hidden affordable apartment options designed for those 55+, with benefits you might not expect.",forcekeyD,55 and older apartment near me,14
"Budget-Friendly 55+ Apartments Revealed Discover hidden affordable apartment options designed for those 55+, with benefits you might not expect.",forcekeyE,discover 55 and older apartments near me,14
Comidas Gratis a Domicilio para Adultos Mayores ðŸ¥— Los adultos mayores pueden calificar para recibir comidas nutritivas gratis directamente en su puertaâ€”descubre hoy si tÃº o un ser,forcekeyA,home delivered meals for seniors no cost,4
Comidas Gratis a Domicilio para Adultos Mayores ðŸ¥— Los adultos mayores pueden calificar para recibir comidas nutritivas gratis directamente en su puertaâ€”descubre hoy si tÃº o un ser,forcekeyB,$0 meal delivery,4
Comidas Gratis a Domicilio para Adultos Mayores ðŸ¥— Los adultos mayores pueden calificar para recibir comidas nutritivas gratis directamente en su puertaâ€”descubre hoy si tÃº o un ser,forcekeyC,free home delivered meals for seniors near me,4
Comidas Gratis a Domicilio para Adultos Mayores ðŸ¥— Los adultos mayores pueden calificar para recibir comidas nutritivas gratis directamente en su puertaâ€”descubre hoy si tÃº o un ser,forcekeyD,free home delivered meals for seniors,4
Comidas Gratis a Domicilio para Adultos Mayores ðŸ¥— Los adultos mayores pueden calificar para recibir comidas nutritivas gratis directamente en su puertaâ€”descubre hoy si tÃº o un ser,forcekeyE,$0 meal delivery in [city],4
Dinero Gratis Para BaÃ±os Desbloquea subvenciones secretas para renovar tu elegibilidad de verificaciÃ³n de baÃ±o ahora.,forcekeyA,bathroom remodel paid by grants [region],7
Dinero Gratis Para BaÃ±os Desbloquea subvenciones secretas para renovar tu elegibilidad de verificaciÃ³n de baÃ±o ahora.,forcekeyB,bathroom remodel paid by grants ,7
Dinero Gratis Para BaÃ±os Desbloquea subvenciones secretas para renovar tu elegibilidad de verificaciÃ³n de baÃ±o ahora.,forcekeyC,get bathroom remodel paid by grants ,7
Dinero Gratis Para BaÃ±os Desbloquea subvenciones secretas para renovar tu elegibilidad de verificaciÃ³n de baÃ±o ahora.,forcekeyD,find bathroom remodel paid by grants ,7
Dinero Gratis Para BaÃ±os Desbloquea subvenciones secretas para renovar tu elegibilidad de verificaciÃ³n de baÃ±o ahora.,forcekeyE,bathroom remodel paid for by grants ,7
{{product.,forcekeyA,Laser skin rejuvenation [city],2
{{product.,forcekeyB,Laser skin rejuvenation in [city],2
{{product.,forcekeyC,Facial Laser Rejuvenation Treatment,2
{{product.,forcekeyD,Face Rejuvenation Laser Treatment,2
{{product.,forcekeyE,Facial Laser Treatment,2
Seniors Under 85 Can Own a GMC Sierra for Less Than $10K!,forcekeyA,gmc sierra 1500 clearance sale - see [region] prices,1
Seniors Under 85 Can Own a GMC Sierra for Less Than $10K!,forcekeyB,see gmc sierra 1500 clearance sale - see [region] prices,1
Seniors Under 85 Can Own a GMC Sierra for Less Than $10K!,forcekeyC,find gmc sierra 1500 clearance sale - see [region] prices,1
Seniors Under 85 Can Own a GMC Sierra for Less Than $10K!,forcekeyD,must-see gmc sierra 1500 clearance sale - see [region] prices,1
Seniors Under 85 Can Own a GMC Sierra for Less Than $10K!,forcekeyE,must see gmc sierra 1500 clearance sale - see [region]prices,1
Senior Living for $249!,forcekeyA,best senior living options for $249/mo,50
Senior Living for $249!,forcekeyB,senior living options for $249/mo,50
Senior Living for $249!,forcekeyC,find senior living options for $249/mo,50
Senior Living for $249!,forcekeyD,best senior living options for $249/month,50
Senior Living for $249!,forcekeyE,senior living options for $249/month,50
Tree Cutting From $9 Near You ðŸŒ³ Tree removal starting at just $9â€”see if your ZIP qualifies today.,forcekeyA,$9 tree cutting service (near my zipcode),11
Tree Cutting From $9 Near You ðŸŒ³ Tree removal starting at just $9â€”see if your ZIP qualifies today.,forcekeyB,find $9 tree cutting service (near my zipcode),11
Tree Cutting From $9 Near You ðŸŒ³ Tree removal starting at just $9â€”see if your ZIP qualifies today.,forcekeyC,discover $9 tree cutting service (near my zipcode),11
Tree Cutting From $9 Near You ðŸŒ³ Tree removal starting at just $9â€”see if your ZIP qualifies today.,forcekeyD,$9 tree cutting service near me,11
Tree Cutting From $9 Near You ðŸŒ³ Tree removal starting at just $9â€”see if your ZIP qualifies today.,forcekeyE,$9 tree cutting service nearby,11
{{product.,forcekeyA,$9 tree cutting service (near my zipcode),5
{{product.,forcekeyB,find $9 tree cutting service (near my zipcode),5
{{product.,forcekeyC,discover $9 tree cutting service (near my zipcode),5
{{product.,forcekeyD,$9 tree cutting service near me,5
{{product.,forcekeyE,$9 tree cutting service nearby,5
ObtÃ©n dinero gratis para comprar una casa Â¿Necesitas una casa?,forcekeyA,Help me get a house,4
ObtÃ©n dinero gratis para comprar una casa Â¿Necesitas una casa?,forcekeyB,Assist me in getting a house,4
ObtÃ©n dinero gratis para comprar una casa Â¿Necesitas una casa?,forcekeyC,Help me get a house in {city},4
ObtÃ©n dinero gratis para comprar una casa Â¿Necesitas una casa?,forcekeyD,Help me get a house in 2025,4
ObtÃ©n dinero gratis para comprar una casa Â¿Necesitas una casa?,forcekeyE,Help me get a house in {region} by 2025,4
Seniors: Rent Starts Low Senior apartments for just $499/month?,forcekeyA,499/mo 55 and older apartments near me [state],26
Seniors: Rent Starts Low Senior apartments for just $499/month?,forcekeyB,499/mo 55 and older apartments nearby,126
Seniors: Rent Starts Low Senior apartments for just $499/month?,forcekeyC,499/mo 55 and older apartments near me,126
Seniors: Rent Starts Low Senior apartments for just $499/month?,forcekeyD,see 499/mo 55 and older apartments,126
Seniors: Rent Starts Low Senior apartments for just $499/month?,forcekeyE,find 499/mo 55 and older apartments,126
"Laser Skin Rejuvenation Without Breaking Bank Get fresh, rejuvenated skin with laser treatments.",forcekeyA,Laser skin rejuvenation [city],2
"Laser Skin Rejuvenation Without Breaking Bank Get fresh, rejuvenated skin with laser treatments.",forcekeyB,Laser skin rejuvenation in [city],2
"Laser Skin Rejuvenation Without Breaking Bank Get fresh, rejuvenated skin with laser treatments.",forcekeyC,Facial Laser Rejuvenation Treatment,2
"Laser Skin Rejuvenation Without Breaking Bank Get fresh, rejuvenated skin with laser treatments.",forcekeyD,Face Rejuvenation Laser Treatment,2
"Laser Skin Rejuvenation Without Breaking Bank Get fresh, rejuvenated skin with laser treatments.",forcekeyE,Facial Laser Treatment,2
"Free Meals for Seniors Delivered ðŸ¥— Seniors may qualify for free, nutritious meals delivered right to their doorstepâ€”see if you or a loved one are eligible today.",forcekeyA,home delivered meals for seniors no cost,4
"Free Meals for Seniors Delivered ðŸ¥— Seniors may qualify for free, nutritious meals delivered right to their doorstepâ€”see if you or a loved one are eligible today.",forcekeyB,$0 meal delivery,4
"Free Meals for Seniors Delivered ðŸ¥— Seniors may qualify for free, nutritious meals delivered right to their doorstepâ€”see if you or a loved one are eligible today.",forcekeyC,free home delivered meals for seniors near me,4
"Free Meals for Seniors Delivered ðŸ¥— Seniors may qualify for free, nutritious meals delivered right to their doorstepâ€”see if you or a loved one are eligible today.",forcekeyD,free home delivered meals for seniors,4
"Free Meals for Seniors Delivered ðŸ¥— Seniors may qualify for free, nutritious meals delivered right to their doorstepâ€”see if you or a loved one are eligible today.",forcekeyE,free home delivered meals for seniors in [city],4
Internet desde $10 Proveedores de internet desde $10 ya disponibles en tu zona.,forcekeyA,$10 Internet Providers in My Zip Code,1
Internet desde $10 Proveedores de internet desde $10 ya disponibles en tu zona.,forcekeyB,find $10 Internet Providers in My Zip Code,1
Internet desde $10 Proveedores de internet desde $10 ya disponibles en tu zona.,forcekeyC,see $10 Internet Providers in My Zip Code,1
Internet desde $10 Proveedores de internet desde $10 ya disponibles en tu zona.,forcekeyD,$10 Internet Provider in My Zip Code,1
Internet desde $10 Proveedores de internet desde $10 ya disponibles en tu zona.,forcekeyE,get $10 Internet Providers in My Zip Code,1
$15 Internet Deals Nearby Find out if your zip code qualifies for $15 internet deals ðŸŒ nextanswers.,forcekeyA,$15 Internet Providers in My Zip Code,8
$15 Internet Deals Nearby Find out if your zip code qualifies for $15 internet deals ðŸŒ nextanswers.,forcekeyB,See $15 Internet Providers in My Zip Code,8
$15 Internet Deals Nearby Find out if your zip code qualifies for $15 internet deals ðŸŒ nextanswers.,forcekeyC,Find $15 Internet Providers in My Zip Code,8
$15 Internet Deals Nearby Find out if your zip code qualifies for $15 internet deals ðŸŒ nextanswers.,forcekeyD,$15 Internet Provider in My Zip Code,8
$15 Internet Deals Nearby Find out if your zip code qualifies for $15 internet deals ðŸŒ nextanswers.,forcekeyE,Get $15 Internet Providers in My Zip Code,8
Seniors: Rent Starts Low Senior apartments for just $499/month?,forcekeyA,499/mo 55 and older apartments near me [region],100
{{product.,forcekeyA,best senior living options for $249/mo,2
{{product.,forcekeyB,senior living options for $249/mo,2
{{product.,forcekeyC,find senior living options for $249/mo,2
{{product.,forcekeyD,best senior living options for $249/month,2
{{product.,forcekeyE,senior living options for $249/month,2
$0 Down F-150 & Ram Deals ðŸš˜ Drive a new F-150 or Ram with $0 downâ€”100% approval in select areas.,forcekeyA,100 accepted 0 down options new f150 and ram trucks near me [at no cost] apply now,2
$0 Down F-150 & Ram Deals ðŸš˜ Drive a new F-150 or Ram with $0 downâ€”100% approval in select areas.,forcekeyB,100 accepted 0 down options new f150 and ram truck near me [at no cost] apply now,2
$0 Down F-150 & Ram Deals ðŸš˜ Drive a new F-150 or Ram with $0 downâ€”100% approval in select areas.,forcekeyC,100 accepted 0 down options new f150 and ram trucks [at no cost] apply now,2
$0 Down F-150 & Ram Deals ðŸš˜ Drive a new F-150 or Ram with $0 downâ€”100% approval in select areas.,forcekeyD,100 accepted 0 down options new f150 and ram trucks near me [at no cost],2
$0 Down F-150 & Ram Deals ðŸš˜ Drive a new F-150 or Ram with $0 downâ€”100% approval in select areas.,forcekeyE,100 accepted 0 down options new f150 and ram truck near me [at no cost],2
$10/Month Internet Plans ðŸ“¶ Stay Connected for Just $10/Month!,forcekeyA,$10 Internet Providers in My Zip Code,46
$10/Month Internet Plans ðŸ“¶ Stay Connected for Just $10/Month!,forcekeyB,$10 Internet Plans for 55 ,46
$10/Month Internet Plans ðŸ“¶ Stay Connected for Just $10/Month!,forcekeyC,Wireless Internet Providers by Zip Code ($10),46
$10/Month Internet Plans ðŸ“¶ Stay Connected for Just $10/Month!,forcekeyD,$10 Internet Providers in My Zip Code$15 Internet Providers in My Zip Code,46
$10/Month Internet Plans ðŸ“¶ Stay Connected for Just $10/Month!,forcekeyE,$10 Internet Providers by Zip Code,46
"Whole-Home Power, $0 Down Keep your power on ðŸ”Œ No upfront cost for full-home generator coverage.",forcekeyA,buy generator and pay monthly,21
"Whole-Home Power, $0 Down Keep your power on ðŸ”Œ No upfront cost for full-home generator coverage.",forcekeyB,buy a home generator and pay monthly,21
"Whole-Home Power, $0 Down Keep your power on ðŸ”Œ No upfront cost for full-home generator coverage.",forcekeyC,home generator with monthly payments,21
"Whole-Home Power, $0 Down Keep your power on ðŸ”Œ No upfront cost for full-home generator coverage.",forcekeyD,generator with monthly payments,21
"Whole-Home Power, $0 Down Keep your power on ðŸ”Œ No upfront cost for full-home generator coverage.",forcekeyE,buy a generator with $0 upfront,21
"Whole-Home Power, $0 Down BREAKING: Say goodbye to power outages!",forcekeyA,buy generator and pay monthly,1
"Whole-Home Power, $0 Down BREAKING: Say goodbye to power outages!",forcekeyB,buy a home generator and pay monthly,1
"Whole-Home Power, $0 Down BREAKING: Say goodbye to power outages!",forcekeyC,home generator with monthly payments,1
"Whole-Home Power, $0 Down BREAKING: Say goodbye to power outages!",forcekeyD,generator with monthly payments,1
"Whole-Home Power, $0 Down BREAKING: Say goodbye to power outages!",forcekeyE,buy a generator with $0 upfront,1
{{product.,forcekeyA,buy generator and pay monthly,2
{{product.,forcekeyB,buy a home generator and pay monthly,2
{{product.,forcekeyC,home generator with monthly payments,2
{{product.,forcekeyD,generator with monthly payments,2
{{product.,forcekeyE,buy a generator with $0 upfront,2
Learn more about phone offers ðŸ“± Why pay full price?,forcekeyA,get a new phone for free,2
Learn more about phone offers ðŸ“± Why pay full price?,forcekeyB,get a new phone for free near you,2
Learn more about phone offers ðŸ“± Why pay full price?,forcekeyC,get a new phone for free nearby,2
Learn more about phone offers ðŸ“± Why pay full price?,forcekeyD,get a new phone for free today,2
Learn more about phone offers ðŸ“± Why pay full price?,forcekeyE,find deals to get a new phone for free,2
Learn more about dental implant options Donâ€™t let costs hold you back.,forcekeyA,no-fee dental implants,1
Learn more about dental implant options Donâ€™t let costs hold you back.,forcekeyB,see no-fee dental implants,1
Learn more about dental implant options Donâ€™t let costs hold you back.,forcekeyC,must-see no-fee dental implants,1
Learn more about dental implant options Donâ€™t let costs hold you back.,forcekeyD,must see no-fee dental implants,1
Learn more about dental implant options Donâ€™t let costs hold you back.,forcekeyE,find no-fee dental implants,1
Did you know about these harmful side effects?,forcekeyA,drugs that can cause tardive dyskinesia ingrezza cibinqo kevzara,11
Did you know about these harmful side effects?,forcekeyB,medications that can cause tardive dyskinesia ingrezza cibinqo kevzara,11
Did you know about these harmful side effects?,forcekeyC,medicines that can cause tardive dyskinesia ingrezza cibinqo kevzara,11
Did you know about these harmful side effects?,forcekeyD,prescriptions that can cause tardive dyskinesia ingrezza cibinqo kevzara,11
Did you know about these harmful side effects?,forcekeyE,what drugs can cause tardive dyskinesia ingrezza cibinqo kevzara,11
Learn more about internet plan options ðŸ’» Stop wasting money on overpriced Wi-Fi â€” find no-cost internet plans available in your ZIP code today.,forcekeyA,no cost internet plans by zip code - guaranteed approval for seniors,4
Learn more about internet plan options ðŸ’» Stop wasting money on overpriced Wi-Fi â€” find no-cost internet plans available in your ZIP code today.,forcekeyB,see no cost internet plans by zip code - guaranteed approval for seniors,4
Learn more about internet plan options ðŸ’» Stop wasting money on overpriced Wi-Fi â€” find no-cost internet plans available in your ZIP code today.,forcekeyC,must-see no cost internet plans by zip code - guaranteed approval for seniors,4
Learn more about internet plan options ðŸ’» Stop wasting money on overpriced Wi-Fi â€” find no-cost internet plans available in your ZIP code today.,forcekeyD,must see no cost internet plans by zip code - guaranteed approval for seniors,4
Learn more about internet plan options ðŸ’» Stop wasting money on overpriced Wi-Fi â€” find no-cost internet plans available in your ZIP code today.,forcekeyE,find no cost internet plans by zip code - guaranteed approval for seniors,4
Learn more about SUV options ðŸš™ Seniors save BIG!,forcekeyA,best suvs for elderly drivers,1
Learn more about SUV options ðŸš™ Seniors save BIG!,forcekeyB,see best suvs for elderly drivers,1
Learn more about SUV options ðŸš™ Seniors save BIG!,forcekeyC,must-see best suvs for elderly drivers,1
Learn more about SUV options ðŸš™ Seniors save BIG!,forcekeyD,find best suvs for elderly drivers,1
Learn more about SUV options ðŸš™ Seniors save BIG!,forcekeyE,must see best suvs for elderly drivers,1
VA Benefits for Widowed Spouses ðŸ’¸ VA still pays spousesâ€”even decades after service.,forcekeyA,Benefits for Widowed Military Spouses,4
VA Benefits for Widowed Spouses ðŸ’¸ VA still pays spousesâ€”even decades after service.,forcekeyB,Va Survivors Benefits for Widows,4
VA Benefits for Widowed Spouses ðŸ’¸ VA still pays spousesâ€”even decades after service.,forcekeyC,VA Benefits for Widows,4
VA Benefits for Widowed Spouses ðŸ’¸ VA still pays spousesâ€”even decades after service.,forcekeyD,Benefits for Veterans Wives,4
VA Benefits for Widowed Spouses ðŸ’¸ VA still pays spousesâ€”even decades after service.,forcekeyE,What Va Benefits are Available to Me,4
Learn more about contractor options ðŸšï¸ Tired of overpriced contractors draining your wallet?,forcekeyA,repair contractor in [city],4
Learn more about contractor options ðŸšï¸ Tired of overpriced contractors draining your wallet?,forcekeyB,repair contractor in [region],4
Learn more about contractor options ðŸšï¸ Tired of overpriced contractors draining your wallet?,forcekeyC,see repair contractor in [city],4
Learn more about contractor options ðŸšï¸ Tired of overpriced contractors draining your wallet?,forcekeyD,see repair contractor in [region],4
Learn more about contractor options ðŸšï¸ Tired of overpriced contractors draining your wallet?,forcekeyE,find repair contractor in [city],4
Â¿SabÃ­a Usted Acerca de Estos Efectos Secundarios DaÃ±inos?,forcekeyA,drugs that can cause tardive dyskinesia ingrezza cibinqo kevzara,16
Â¿SabÃ­a Usted Acerca de Estos Efectos Secundarios DaÃ±inos?,forcekeyB,medications that can cause tardive dyskinesia ingrezza cibinqo kevzara,16
Â¿SabÃ­a Usted Acerca de Estos Efectos Secundarios DaÃ±inos?,forcekeyC,medicines that can cause tardive dyskinesia ingrezza cibinqo kevzara,16
Â¿SabÃ­a Usted Acerca de Estos Efectos Secundarios DaÃ±inos?,forcekeyD,prescriptions that can cause tardive dyskinesia ingrezza cibinqo kevzara,16
Â¿SabÃ­a Usted Acerca de Estos Efectos Secundarios DaÃ±inos?,forcekeyE,what drugs can cause tardive dyskinesia ingrezza cibinqo kevzara,16
Tree Removal for Just $49 â€“ See If You Qualify!,forcekeyA,tree cutting service for $49 near my [zip],4
Tree Removal for Just $49 â€“ See If You Qualify!,forcekeyB,tree cutting services for $49 near my [zip],4
Tree Removal for Just $49 â€“ See If You Qualify!,forcekeyC,tree cutting service near my [zip] for $49,4
Tree Removal for Just $49 â€“ See If You Qualify!,forcekeyD,tree cutting services near my [zip] for $49,4
"$99 Rejuvenecimiento de la piel con lÃ¡ser Consiga la piel fresca, rejuvenecida con los tratamientos del lÃ¡ser.",forcekeyA,Laser skin rejuvenation [city],2
"$99 Rejuvenecimiento de la piel con lÃ¡ser Consiga la piel fresca, rejuvenecida con los tratamientos del lÃ¡ser.",forcekeyB,Laser skin rejuvenation in [city],2
"$99 Rejuvenecimiento de la piel con lÃ¡ser Consiga la piel fresca, rejuvenecida con los tratamientos del lÃ¡ser.",forcekeyC,Facial Laser Rejuvenation Treatment,2
"$99 Rejuvenecimiento de la piel con lÃ¡ser Consiga la piel fresca, rejuvenecida con los tratamientos del lÃ¡ser.",forcekeyD,Face Rejuvenation Laser Treatment,2
"$99 Rejuvenecimiento de la piel con lÃ¡ser Consiga la piel fresca, rejuvenecida con los tratamientos del lÃ¡ser.",forcekeyE,Facial Laser Treatment,2