ad_archive_id,page_id,page_name,is_active,start_date,end_date,publisher_platform,total_active_time,categories,link_url,media_type,hook,ad_copy,extracted_keywords,param_keys,competitor_id,forcekeys,forcekeyA,forcekeyB,forcekeyC,forcekeyD,forcekeyE
1832610120473400,793983330455470,In The Know Now - Health,1,2025-10-11T07:00:00Z,2025-10-20T07:00:00Z,FACEBOOK|INSTAGRAM|AUDIENCE_NETWORK|MESSENGER|THREADS,,UNKNOWN,https://theextrathought.com/fat-removal-surgery-types-benefits-risks-and-considerations/,video,ğŸ‘‰ Check If You Qualify for Free Fat Removal Today!,"ğŸ‘‰ Check If You Qualify for Free Fat Removal Today! 
 $5,000 fat-removal procedure â€” covered completely.
Clinical trials are paying 100% of the cost for premium body-sculpting sessions. No insurance. No bills. Just results.
âœ… Limited openings â†’ Tap below to check eligibility. 
 www.seeknowguides.com",,,dGhlZXh0cmF0,,,,,,
802162532744566,793983330455470,In The Know Now - Health,1,2025-10-11T07:00:00Z,2025-10-20T07:00:00Z,FACEBOOK|INSTAGRAM|AUDIENCE_NETWORK|MESSENGER|THREADS,,UNKNOWN,https://theextrathought.com/fat-removal-surgery-types-benefits-risks-and-considerations/,video,ğŸ‘‰ Check If You Qualify for Free Fat Removal Today!,"ğŸ‘‰ Check If You Qualify for Free Fat Removal Today! 
 $5,000 fat-removal procedure â€” covered completely.
Clinical trials are paying 100% of the cost for premium body-sculpting sessions. No insurance. No bills. Just results.
âœ… Limited openings â†’ Tap below to check eligibility. 
 www.seeknowguides.com",,,dGhlZXh0cmF0,,,,,,
1581713756326455,793983330455470,In The Know Now - Health,1,2025-10-11T07:00:00Z,2025-10-20T07:00:00Z,FACEBOOK|INSTAGRAM|AUDIENCE_NETWORK|MESSENGER|THREADS,,UNKNOWN,https://theextrathought.com/fat-removal-surgery-types-benefits-risks-and-considerations/,video,ğŸ‘‰ Check If You Qualify for Free Fat Removal Today!,"ğŸ‘‰ Check If You Qualify for Free Fat Removal Today! 
 $5,000 fat-removal procedure â€” covered completely.
Clinical trials are paying 100% of the cost for premium body-sculpting sessions. No insurance. No bills. Just results.
âœ… Limited openings â†’ Tap below to check eligibility. 
 www.seeknowguides.com",,,dGhlZXh0cmF0,,,,,,
2270080386789684,793983330455470,In The Know Now - Health,1,2025-10-11T07:00:00Z,2025-10-20T07:00:00Z,FACEBOOK|INSTAGRAM|AUDIENCE_NETWORK|MESSENGER|THREADS,,UNKNOWN,https://theextrathought.com/fat-removal-surgery-types-benefits-risks-and-considerations/,video,ğŸ‘‰ Check If You Qualify for Free Fat Removal Today!,"ğŸ‘‰ Check If You Qualify for Free Fat Removal Today! 
 $5,000 fat-removal procedure â€” covered completely.
Clinical trials are paying 100% of the cost for premium body-sculpting sessions. No insurance. No bills. Just results.
âœ… Limited openings â†’ Tap below to check eligibility. 
 www.seeknowguides.com",,,dGhlZXh0cmF0,,,,,,
1324172905840173,793983330455470,In The Know Now - Health,1,2025-10-11T07:00:00Z,2025-10-20T07:00:00Z,FACEBOOK|INSTAGRAM|AUDIENCE_NETWORK|MESSENGER|THREADS,,UNKNOWN,https://theextrathought.com/fat-removal-surgery-types-benefits-risks-and-considerations/,video,ğŸ‘‰ Check If You Qualify for Free Fat Removal Today!,"ğŸ‘‰ Check If You Qualify for Free Fat Removal Today! 
 $5,000 fat-removal procedure â€” covered completely.
Clinical trials are paying 100% of the cost for premium body-sculpting sessions. No insurance. No bills. Just results.
âœ… Limited openings â†’ Tap below to check eligibility. 
 www.seeknowguides.com",,,dGhlZXh0cmF0,,,,,,
1784298442450703,793983330455470,In The Know Now - Health,1,2025-10-11T07:00:00Z,2025-10-20T07:00:00Z,FACEBOOK|INSTAGRAM|AUDIENCE_NETWORK|MESSENGER|THREADS,,UNKNOWN,https://theextrathought.com/fat-removal-surgery-types-benefits-risks-and-considerations/,video,ğŸ‘‰ Check If You Qualify for Free Fat Removal Today!,"ğŸ‘‰ Check If You Qualify for Free Fat Removal Today! 
 $5,000 fat-removal procedure â€” covered completely.
Clinical trials are paying 100% of the cost for premium body-sculpting sessions. No insurance. No bills. Just results.
âœ… Limited openings â†’ Tap below to check eligibility. 
 www.seeknowguides.com",,,dGhlZXh0cmF0,,,,,,
1184043970262467,793983330455470,In The Know Now - Health,1,2025-10-11T07:00:00Z,2025-10-20T07:00:00Z,FACEBOOK|INSTAGRAM|AUDIENCE_NETWORK|MESSENGER|THREADS,,UNKNOWN,https://theextrathought.com/the-effects-of-botox-benefits-risks-and-what-to-expect/,video,Affordable Botox Treatments Smooth your look without overspending.,"Affordable Botox Treatments 
 Smooth your look without overspending.
Botox treatments from just $3/unit or a full session for $135.
âœ¨ Board-certified providers
âœ¨ Subtle, natural results
Book today and feel refreshed. 
 www.seeknowguides.com",,,dGhlZXh0cmF0,,,,,,
1328822178725990,793983330455470,In The Know Now - Health,1,2025-10-11T07:00:00Z,2025-10-20T07:00:00Z,FACEBOOK|INSTAGRAM|AUDIENCE_NETWORK|MESSENGER|THREADS,,UNKNOWN,https://theextrathought.com/the-effects-of-botox-benefits-risks-and-what-to-expect/,video,Affordable Botox Treatments Smooth your look without overspending.,"Affordable Botox Treatments 
 Smooth your look without overspending.
Botox treatments from just $3/unit or a full session for $135.
âœ¨ Board-certified providers
âœ¨ Subtle, natural results
Book today and feel refreshed. 
 www.seeknowguides.com",,,dGhlZXh0cmF0,,,,,,
3206298419525812,793983330455470,In The Know Now - Health,1,2025-10-11T07:00:00Z,2025-10-20T07:00:00Z,FACEBOOK|INSTAGRAM|AUDIENCE_NETWORK|MESSENGER|THREADS,,UNKNOWN,https://theextrathought.com/the-effects-of-botox-benefits-risks-and-what-to-expect/,video,Affordable Botox Treatments Smooth your look without overspending.,"Affordable Botox Treatments 
 Smooth your look without overspending.
Botox treatments from just $3/unit or a full session for $135.
âœ¨ Board-certified providers
âœ¨ Subtle, natural results
Book today and feel refreshed. 
 www.seeknowguides.com",,,dGhlZXh0cmF0,,,,,,
2011241626345281,793983330455470,In The Know Now - Health,1,2025-10-11T07:00:00Z,2025-10-20T07:00:00Z,FACEBOOK|INSTAGRAM|AUDIENCE_NETWORK|MESSENGER|THREADS,,UNKNOWN,https://theextrathought.com/the-effects-of-botox-benefits-risks-and-what-to-expect/,video,Affordable Botox Treatments Smooth your look without overspending.,"Affordable Botox Treatments 
 Smooth your look without overspending.
Botox treatments from just $3/unit or a full session for $135.
âœ¨ Board-certified providers
âœ¨ Subtle, natural results
Book today and feel refreshed. 
 www.seeknowguides.com",,,dGhlZXh0cmF0,,,,,,
1155245433227643,793983330455470,In The Know Now - Health,1,2025-10-11T07:00:00Z,2025-10-20T07:00:00Z,FACEBOOK|INSTAGRAM|AUDIENCE_NETWORK|MESSENGER|THREADS,,UNKNOWN,https://theextrathought.com/the-effects-of-botox-benefits-risks-and-what-to-expect/,video,Affordable Botox Treatments Smooth your look without overspending.,"Affordable Botox Treatments 
 Smooth your look without overspending.
Botox treatments from just $3/unit or a full session for $135.
âœ¨ Board-certified providers
âœ¨ Subtle, natural results
Book today and feel refreshed. 
 www.seeknowguides.com",,,dGhlZXh0cmF0,,,,,,
669911929099090,793983330455470,In The Know Now - Health,1,2025-10-11T07:00:00Z,2025-10-20T07:00:00Z,FACEBOOK|INSTAGRAM|AUDIENCE_NETWORK|MESSENGER|THREADS,,UNKNOWN,https://theextrathought.com/the-effects-of-botox-benefits-risks-and-what-to-expect/,video,Affordable Botox Treatments Smooth your look without overspending.,"Affordable Botox Treatments 
 Smooth your look without overspending.
Botox treatments from just $3/unit or a full session for $135.
âœ¨ Board-certified providers
âœ¨ Subtle, natural results
Book today and feel refreshed. 
 www.seeknowguides.com",,,dGhlZXh0cmF0,,,,,,
773621515514307,793983330455470,In The Know Now - Health,1,2025-10-11T07:00:00Z,2025-10-20T07:00:00Z,FACEBOOK|INSTAGRAM|AUDIENCE_NETWORK|MESSENGER|THREADS,,UNKNOWN,https://theextrathought.com/get-paid-to-help-science-join-clinical-trials-for-sleep-apnea-and-improve-lives/,video,"$4,000 for Doing Almost Nothing â€“ Sleep Apnea Trial Paying NOW!","$4,000 for Doing Almost Nothing â€“ Sleep Apnea Trial Paying NOW! 
 Crazy fast cash! ğŸ’¸ Participate in sleep apnea clinical trials and pocket up to $4,000â€”no insurance, no fees, just guaranteed payout if you qualify. Spots vanish QUICKâ€”tap before itâ€™s too late! â¬‡ï¸ 
 www.seeknowguides.com",,,dGhlZXh0cmF0,,,,,,
25361942530102040,793983330455470,In The Know Now - Health,1,2025-10-11T07:00:00Z,2025-10-20T07:00:00Z,FACEBOOK|INSTAGRAM|AUDIENCE_NETWORK|MESSENGER|THREADS,,UNKNOWN,https://theextrathought.com/get-paid-to-help-science-join-clinical-trials-for-sleep-apnea-and-improve-lives/,video,"$4,000 for Doing Almost Nothing â€“ Sleep Apnea Trial Paying NOW!","$4,000 for Doing Almost Nothing â€“ Sleep Apnea Trial Paying NOW! 
 Crazy fast cash! ğŸ’¸ Participate in sleep apnea clinical trials and pocket up to $4,000â€”no insurance, no fees, just guaranteed payout if you qualify. Spots vanish QUICKâ€”tap before itâ€™s too late! â¬‡ï¸ 
 www.seeknowguides.com",,,dGhlZXh0cmF0,,,,,,
1300674158034123,793983330455470,In The Know Now - Health,1,2025-10-07T07:00:00Z,2025-10-20T07:00:00Z,FACEBOOK|INSTAGRAM|AUDIENCE_NETWORK|MESSENGER|THREADS,,DENTAL_IMPLANTS,https://theextrathought.com/dental-implant-costs-and-options-a-comprehensive-guide/,video,Get Your Permanent Dental Implants NOW â€“ 100% FREE!,"Get Your Permanent Dental Implants NOW â€“ 100% FREE! 
 Sick of dentures that slip, hurt, and ruin your smile? Enough is enough!
ğŸ”¥ Get permanent, natural-looking teeth that never move or cause pain
ğŸ”¥ Stop feeling embarrassedâ€”own your smile and live without limits
ğŸ”¥ Take back your confidence, your bite, your lifeâ€”starting today
ğŸ”¥ FREE dental implants consultation with zero tricks, zero pressure
This isnâ€™t a maybe. Itâ€™s your ONLY chance to upgrade your mouth for GOOD.
ğŸš¨ Donâ€™t waitâ€”these FREE spots are vanishing fast. Tap NOW or miss out forever! 
 www.seeknowguides.com",,,dGhlZXh0cmF0,,,,,,
773029968870283,793983330455470,In The Know Now - Health,1,2025-10-04T07:00:00Z,2025-10-20T07:00:00Z,FACEBOOK|INSTAGRAM|AUDIENCE_NETWORK|MESSENGER|THREADS,,DENTAL_IMPLANTS,https://theextrathought.com/dental-implant-costs-and-options-a-comprehensive-guide/,video,Get Your Permanent Dental Implants NOW â€“ 100% FREE!,"Get Your Permanent Dental Implants NOW â€“ 100% FREE! 
 Sick of dentures that slip, hurt, and ruin your smile? Enough is enough!
ğŸ”¥ Get permanent, natural-looking teeth that never move or cause pain
ğŸ”¥ Stop feeling embarrassedâ€”own your smile and live without limits
ğŸ”¥ Take back your confidence, your bite, your lifeâ€”starting today
ğŸ”¥ FREE dental implants consultation with zero tricks, zero pressure
This isnâ€™t a maybe. Itâ€™s your ONLY chance to upgrade your mouth for GOOD.
ğŸš¨ Donâ€™t waitâ€”these FREE spots are vanishing fast. Tap NOW or miss out forever! 
 www.seeknowguides.com",,,dGhlZXh0cmF0,,,,,,
1984620109028647,793983330455470,In The Know Now - Health,1,2025-10-04T07:00:00Z,2025-10-20T07:00:00Z,FACEBOOK|INSTAGRAM|AUDIENCE_NETWORK|MESSENGER|THREADS,,DENTAL_IMPLANTS,https://theextrathought.com/dental-implant-costs-and-options-a-comprehensive-guide/,video,Get Your Permanent Dental Implants NOW â€“ 100% FREE!,"Get Your Permanent Dental Implants NOW â€“ 100% FREE! 
 Sick of dentures that slip, hurt, and ruin your smile? Enough is enough!
ğŸ”¥ Get permanent, natural-looking teeth that never move or cause pain
ğŸ”¥ Stop feeling embarrassedâ€”own your smile and live without limits
ğŸ”¥ Take back your confidence, your bite, your lifeâ€”starting today
ğŸ”¥ FREE dental implants consultation with zero tricks, zero pressure
This isnâ€™t a maybe. Itâ€™s your ONLY chance to upgrade your mouth for GOOD.
ğŸš¨ Donâ€™t waitâ€”these FREE spots are vanishing fast. Tap NOW or miss out forever! 
 www.seeknowguides.com",,,dGhlZXh0cmF0,,,,,,
834906975762377,793983330455470,In The Know Now - Health,1,2025-10-04T07:00:00Z,2025-10-20T07:00:00Z,FACEBOOK|INSTAGRAM|AUDIENCE_NETWORK|MESSENGER|THREADS,,DENTAL_IMPLANTS,https://theextrathought.com/dental-implant-costs-and-options-a-comprehensive-guide/,video,Get Your Permanent Dental Implants NOW â€“ 100% FREE!,"Get Your Permanent Dental Implants NOW â€“ 100% FREE! 
 Sick of dentures that slip, hurt, and ruin your smile? Enough is enough!
ğŸ”¥ Get permanent, natural-looking teeth that never move or cause pain
ğŸ”¥ Stop feeling embarrassedâ€”own your smile and live without limits
ğŸ”¥ Take back your confidence, your bite, your lifeâ€”starting today
ğŸ”¥ FREE dental implants consultation with zero tricks, zero pressure
This isnâ€™t a maybe. Itâ€™s your ONLY chance to upgrade your mouth for GOOD.
ğŸš¨ Donâ€™t waitâ€”these FREE spots are vanishing fast. Tap NOW or miss out forever! 
 www.seeknowguides.com",,,dGhlZXh0cmF0,,,,,,
1096839365539454,793983330455470,In The Know Now - Health,1,2025-10-04T07:00:00Z,2025-10-17T07:00:00Z,FACEBOOK|INSTAGRAM|AUDIENCE_NETWORK|MESSENGER|THREADS,,DENTAL_IMPLANTS,https://theextrathought.com/dental-implant-costs-and-options-a-comprehensive-guide/,video,Get Your Permanent Dental Implants NOW â€“ 100% FREE!,"Get Your Permanent Dental Implants NOW â€“ 100% FREE! 
 Sick of dentures that slip, hurt, and ruin your smile? Enough is enough!
ğŸ”¥ Get permanent, natural-looking teeth that never move or cause pain
ğŸ”¥ Stop feeling embarrassedâ€”own your smile and live without limits
ğŸ”¥ Take back your confidence, your bite, your lifeâ€”starting today
ğŸ”¥ FREE dental implants consultation with zero tricks, zero pressure
This isnâ€™t a maybe. Itâ€™s your ONLY chance to upgrade your mouth for GOOD.
ğŸš¨ Donâ€™t waitâ€”these FREE spots are vanishing fast. Tap NOW or miss out forever! 
 www.seeknowguides.com",,,dGhlZXh0cmF0,,,,,,
1803120416970505,793983330455470,In The Know Now - Health,1,2025-10-04T07:00:00Z,2025-10-19T07:00:00Z,FACEBOOK|INSTAGRAM|AUDIENCE_NETWORK|MESSENGER|THREADS,,DENTAL_IMPLANTS,https://theextrathought.com/dental-implant-costs-and-options-a-comprehensive-guide/,video,Get Your Permanent Dental Implants NOW â€“ 100% FREE!,"Get Your Permanent Dental Implants NOW â€“ 100% FREE! 
 Sick of dentures that slip, hurt, and ruin your smile? Enough is enough!
ğŸ”¥ Get permanent, natural-looking teeth that never move or cause pain
ğŸ”¥ Stop feeling embarrassedâ€”own your smile and live without limits
ğŸ”¥ Take back your confidence, your bite, your lifeâ€”starting today
ğŸ”¥ FREE dental implants consultation with zero tricks, zero pressure
This isnâ€™t a maybe. Itâ€™s your ONLY chance to upgrade your mouth for GOOD.
ğŸš¨ Donâ€™t waitâ€”these FREE spots are vanishing fast. Tap NOW or miss out forever! 
 www.seeknowguides.com",,,dGhlZXh0cmF0,,,,,,
2395396847529551,793983330455470,In The Know Now - Health,1,2025-10-04T07:00:00Z,2025-10-20T07:00:00Z,FACEBOOK|INSTAGRAM|AUDIENCE_NETWORK|MESSENGER|THREADS,,DENTAL_IMPLANTS,https://theextrathought.com/dental-implant-costs-and-options-a-comprehensive-guide/,video,Get Your Permanent Dental Implants NOW â€“ 100% FREE!,"Get Your Permanent Dental Implants NOW â€“ 100% FREE! 
 Sick of dentures that slip, hurt, and ruin your smile? Enough is enough!
ğŸ”¥ Get permanent, natural-looking teeth that never move or cause pain
ğŸ”¥ Stop feeling embarrassedâ€”own your smile and live without limits
ğŸ”¥ Take back your confidence, your bite, your lifeâ€”starting today
ğŸ”¥ FREE dental implants consultation with zero tricks, zero pressure
This isnâ€™t a maybe. Itâ€™s your ONLY chance to upgrade your mouth for GOOD.
ğŸš¨ Donâ€™t waitâ€”these FREE spots are vanishing fast. Tap NOW or miss out forever! 
 www.seeknowguides.com",,,dGhlZXh0cmF0,,,,,,
1896623830902974,793983330455470,In The Know Now - Health,1,2025-10-04T07:00:00Z,2025-10-20T07:00:00Z,FACEBOOK|INSTAGRAM|AUDIENCE_NETWORK|MESSENGER|THREADS,,DENTAL_IMPLANTS,https://theextrathought.com/dental-implant-costs-and-options-a-comprehensive-guide/,video,Get Your Permanent Dental Implants NOW â€“ 100% FREE!,"Get Your Permanent Dental Implants NOW â€“ 100% FREE! 
 Sick of dentures that slip, hurt, and ruin your smile? Enough is enough!
ğŸ”¥ Get permanent, natural-looking teeth that never move or cause pain
ğŸ”¥ Stop feeling embarrassedâ€”own your smile and live without limits
ğŸ”¥ Take back your confidence, your bite, your lifeâ€”starting today
ğŸ”¥ FREE dental implants consultation with zero tricks, zero pressure
This isnâ€™t a maybe. Itâ€™s your ONLY chance to upgrade your mouth for GOOD.
ğŸš¨ Donâ€™t waitâ€”these FREE spots are vanishing fast. Tap NOW or miss out forever! 
 www.seeknowguides.com",,,dGhlZXh0cmF0,,,,,,
1467036434628142,793983330455470,In The Know Now - Health,1,2025-10-03T07:00:00Z,2025-10-20T07:00:00Z,FACEBOOK|INSTAGRAM|AUDIENCE_NETWORK|MESSENGER|THREADS,,UNKNOWN,https://theextrathought.com/the-effects-of-botox-benefits-risks-and-what-to-expect/,video,Affordable Botox Treatments Smooth your look without overspending.,"Affordable Botox Treatments 
 Smooth your look without overspending.
Botox treatments from just $3/unit or a full session for $135.
âœ¨ Board-certified providers
âœ¨ Subtle, natural results
Book today and feel refreshed. 
 www.seeknowguides.com",,,dGhlZXh0cmF0,,,,,,
1978367393011470,793983330455470,In The Know Now - Health,1,2025-10-03T07:00:00Z,2025-10-20T07:00:00Z,FACEBOOK|INSTAGRAM|AUDIENCE_NETWORK|MESSENGER|THREADS,,UNKNOWN,https://theextrathought.com/the-effects-of-botox-benefits-risks-and-what-to-expect/,video,Affordable Botox Treatments Smooth your look without overspending.,"Affordable Botox Treatments 
 Smooth your look without overspending.
Botox treatments from just $3/unit or a full session for $135.
âœ¨ Board-certified providers
âœ¨ Subtle, natural results
Book today and feel refreshed. 
 www.seeknowguides.com",,,dGhlZXh0cmF0,,,,,,
1523052932149547,793983330455470,In The Know Now - Health,1,2025-10-03T07:00:00Z,2025-10-20T07:00:00Z,FACEBOOK|INSTAGRAM|AUDIENCE_NETWORK|MESSENGER|THREADS,,UNKNOWN,https://theextrathought.com/the-effects-of-botox-benefits-risks-and-what-to-expect/,video,Affordable Botox Treatments Smooth your look without overspending.,"Affordable Botox Treatments 
 Smooth your look without overspending.
Botox treatments from just $3/unit or a full session for $135.
âœ¨ Board-certified providers
âœ¨ Subtle, natural results
Book today and feel refreshed. 
 www.seeknowguides.com",,,dGhlZXh0cmF0,,,,,,
2017244979118515,793983330455470,In The Know Now - Health,1,2025-10-03T07:00:00Z,2025-10-13T07:00:00Z,FACEBOOK|INSTAGRAM|AUDIENCE_NETWORK|MESSENGER|THREADS,,UNKNOWN,https://theextrathought.com/exploring-new-frontiers-how-diabetes-clinical-trials-are-paving-the-way-for-breakthrough-treatments/,video,"Earn $1,500 + FREE Treatmentâ€”Join This Study TODAY!","Earn $1,500 + FREE Treatmentâ€”Join This Study TODAY! 
 Stop wasting money on meds and doctor visits ğŸ’¸. This study pays $1,500 and gives all care, tests, and medications FREE. Openings are limitedâ€”tap fast! â¬‡ï¸ 
 www.seeknowguides.com",,,dGhlZXh0cmF0,,,,,,
792373523596174,793983330455470,In The Know Now - Health,1,2025-10-03T07:00:00Z,2025-10-20T07:00:00Z,FACEBOOK|INSTAGRAM|AUDIENCE_NETWORK|MESSENGER|THREADS,,UNKNOWN,https://theextrathought.com/exploring-new-frontiers-how-diabetes-clinical-trials-are-paving-the-way-for-breakthrough-treatments/,video,"Earn $1,500 + FREE Treatmentâ€”Join This Study TODAY!","Earn $1,500 + FREE Treatmentâ€”Join This Study TODAY! 
 Stop wasting money on meds and doctor visits ğŸ’¸. This study pays $1,500 and gives all care, tests, and medications FREE. Openings are limitedâ€”tap fast! â¬‡ï¸ 
 www.seeknowguides.com",,,dGhlZXh0cmF0,,,,,,
2319489955138092,793983330455470,In The Know Now - Health,1,2025-10-02T07:00:00Z,2025-10-20T07:00:00Z,FACEBOOK|INSTAGRAM|AUDIENCE_NETWORK|MESSENGER|THREADS,,DENTAL_IMPLANTS,https://theextrathought.com/dental-implant-costs-and-options-a-comprehensive-guide/,video,Get Your Permanent Dental Implants NOW â€“ 100% FREE!,"Get Your Permanent Dental Implants NOW â€“ 100% FREE! 
 Sick of dentures that slip, hurt, and ruin your smile? Enough is enough!
ğŸ”¥ Get permanent, natural-looking teeth that never move or cause pain
ğŸ”¥ Stop feeling embarrassedâ€”own your smile and live without limits
ğŸ”¥ Take back your confidence, your bite, your lifeâ€”starting today
ğŸ”¥ FREE dental implants consultation with zero tricks, zero pressure
This isnâ€™t a maybe. Itâ€™s your ONLY chance to upgrade your mouth for GOOD.
ğŸš¨ Donâ€™t waitâ€”these FREE spots are vanishing fast. Tap NOW or miss out forever! 
 www.seeknowguides.com",,,dGhlZXh0cmF0,,,,,,
1388483742718153,793983330455470,In The Know Now - Health,1,2025-09-26T07:00:00Z,2025-10-20T07:00:00Z,FACEBOOK|INSTAGRAM|AUDIENCE_NETWORK|MESSENGER|THREADS,,UNKNOWN,https://theextrathought.com/the-effects-of-botox-benefits-risks-and-what-to-expect/,video,ğŸ’‰ Botox From $3/Unit â€“ Limited-Time Offer!,"ğŸ’‰ Botox From $3/Unit â€“ Limited-Time Offer! 
 Erase fine lines without the luxury price tag!
Get Botox starting at just $3/unit or a full treatment for $135.
âœ… Trusted, board-certified clinics near you
âœ… Results youâ€™ll love
ğŸ”¥ Hurry â€” these prices wonâ€™t last! 
 www.seeknowguides.com",,,dGhlZXh0cmF0,,,,,,
1818497482074532,793983330455470,In The Know Now - Health,1,2025-09-26T07:00:00Z,2025-10-18T07:00:00Z,FACEBOOK|INSTAGRAM|AUDIENCE_NETWORK|MESSENGER|THREADS,,UNKNOWN,https://theextrathought.com/the-effects-of-botox-benefits-risks-and-what-to-expect/,video,ğŸ’‰ Botox From $3/Unit â€“ Limited-Time Offer!,"ğŸ’‰ Botox From $3/Unit â€“ Limited-Time Offer! 
 Erase fine lines without the luxury price tag!
Get Botox starting at just $3/unit or a full treatment for $135.
âœ… Trusted, board-certified clinics near you
âœ… Results youâ€™ll love
ğŸ”¥ Hurry â€” these prices wonâ€™t last! 
 www.seeknowguides.com",,,dGhlZXh0cmF0,,,,,,
1303005571520102,793983330455470,In The Know Now - Health,1,2025-09-26T07:00:00Z,2025-10-20T07:00:00Z,FACEBOOK|INSTAGRAM|AUDIENCE_NETWORK|MESSENGER|THREADS,,UNKNOWN,https://theextrathought.com/the-effects-of-botox-benefits-risks-and-what-to-expect/,video,ğŸ’‰ Botox From $3/Unit â€“ Limited-Time Offer!,"ğŸ’‰ Botox From $3/Unit â€“ Limited-Time Offer! 
 Erase fine lines without the luxury price tag!
Get Botox starting at just $3/unit or a full treatment for $135.
âœ… Trusted, board-certified clinics near you
âœ… Results youâ€™ll love
ğŸ”¥ Hurry â€” these prices wonâ€™t last! 
 www.seeknowguides.com",,,dGhlZXh0cmF0,,,,,,
1311408830476026,793983330455470,In The Know Now - Health,1,2025-09-26T07:00:00Z,2025-10-20T07:00:00Z,FACEBOOK|INSTAGRAM|AUDIENCE_NETWORK|MESSENGER|THREADS,,UNKNOWN,https://theextrathought.com/the-effects-of-botox-benefits-risks-and-what-to-expect/,video,ğŸ’‰ Botox From $3/Unit â€“ Limited-Time Offer!,"ğŸ’‰ Botox From $3/Unit â€“ Limited-Time Offer! 
 Erase fine lines without the luxury price tag!
Get Botox starting at just $3/unit or a full treatment for $135.
âœ… Trusted, board-certified clinics near you
âœ… Results youâ€™ll love
ğŸ”¥ Hurry â€” these prices wonâ€™t last! 
 www.seeknowguides.com",,,dGhlZXh0cmF0,,,,,,
772627975663861,793983330455470,In The Know Now - Health,1,2025-09-26T07:00:00Z,2025-10-20T07:00:00Z,FACEBOOK|INSTAGRAM|AUDIENCE_NETWORK|MESSENGER|THREADS,,UNKNOWN,https://theextrathought.com/the-effects-of-botox-benefits-risks-and-what-to-expect/,video,ğŸ’‰ Botox From $3/Unit â€“ Limited-Time Offer!,"ğŸ’‰ Botox From $3/Unit â€“ Limited-Time Offer! 
 Erase fine lines without the luxury price tag!
Get Botox starting at just $3/unit or a full treatment for $135.
âœ… Trusted, board-certified clinics near you
âœ… Results youâ€™ll love
ğŸ”¥ Hurry â€” these prices wonâ€™t last! 
 www.seeknowguides.com",,,dGhlZXh0cmF0,,,,,,
2199326020544029,793983330455470,In The Know Now - Health,1,2025-09-24T07:00:00Z,2025-10-20T07:00:00Z,FACEBOOK|INSTAGRAM|AUDIENCE_NETWORK|MESSENGER|THREADS,,DENTAL_IMPLANTS,https://theextrathought.com/dental-implant-costs-and-options-a-comprehensive-guide/,video,Get Your Permanent Dental Implants NOW â€“ 100% FREE!,"Get Your Permanent Dental Implants NOW â€“ 100% FREE! 
 Sick of dentures that slip, hurt, and ruin your smile? Enough is enough!
ğŸ”¥ Get permanent, natural-looking teeth that never move or cause pain
ğŸ”¥ Stop feeling embarrassedâ€”own your smile and live without limits
ğŸ”¥ Take back your confidence, your bite, your lifeâ€”starting today
ğŸ”¥ FREE dental implants consultation with zero tricks, zero pressure
This isnâ€™t a maybe. Itâ€™s your ONLY chance to upgrade your mouth for GOOD.
ğŸš¨ Donâ€™t waitâ€”these FREE spots are vanishing fast. Tap NOW or miss out forever! 
 www.seeknowguides.com",,,dGhlZXh0cmF0,,,,,,
1322994792660671,793983330455470,In The Know Now - Health,1,2025-09-21T07:00:00Z,2025-10-20T07:00:00Z,FACEBOOK|INSTAGRAM|AUDIENCE_NETWORK|MESSENGER|THREADS,,UNKNOWN,https://theextrathought.com/get-paid-to-help-science-join-clinical-trials-for-sleep-apnea-and-improve-lives/,video,"$4,000 for Doing Almost Nothing â€“ Sleep Apnea Trial Paying NOW!","$4,000 for Doing Almost Nothing â€“ Sleep Apnea Trial Paying NOW! 
 Crazy fast cash! ğŸ’¸ Participate in sleep apnea clinical trials and pocket up to $4,000â€”no insurance, no fees, just guaranteed payout if you qualify. Spots vanish QUICKâ€”tap before itâ€™s too late! â¬‡ï¸ 
 www.seeknowguides.com",,,dGhlZXh0cmF0,,,,,,
1305614197724992,793983330455470,In The Know Now - Health,1,2025-09-21T07:00:00Z,2025-10-06T07:00:00Z,FACEBOOK|INSTAGRAM|AUDIENCE_NETWORK|MESSENGER|THREADS,,UNKNOWN,https://theextrathought.com/get-paid-to-help-science-join-clinical-trials-for-sleep-apnea-and-improve-lives/,video,"$4,000 for Doing Almost Nothing â€“ Sleep Apnea Trial Paying NOW!","$4,000 for Doing Almost Nothing â€“ Sleep Apnea Trial Paying NOW! 
 Crazy fast cash! ğŸ’¸ Participate in sleep apnea clinical trials and pocket up to $4,000â€”no insurance, no fees, just guaranteed payout if you qualify. Spots vanish QUICKâ€”tap before itâ€™s too late! â¬‡ï¸ 
 www.seeknowguides.com",,,dGhlZXh0cmF0,,,,,,
648709187960362,793983330455470,In The Know Now - Health,1,2025-09-20T07:00:00Z,2025-10-20T07:00:00Z,FACEBOOK|INSTAGRAM|AUDIENCE_NETWORK|MESSENGER|THREADS,,DENTAL_IMPLANTS,https://theextrathought.com/dental-implant-costs-and-options-a-comprehensive-guide/,video,ğŸ’¥ FREE Dental Implants + Cash â€” See If You Qualify NOW!,"ğŸ’¥ FREE Dental Implants + Cash â€” See If You Qualify NOW! 
 Stop paying $3,000+ per tooth! Claim your FREE dental implants today â€” plus get extra cash in your pocket. Spots are limited â€” check if you qualify before itâ€™s gone! ğŸ¦·ğŸ’° 
 www.seeknowguides.com",,,dGhlZXh0cmF0,,,,,,
811037538059370,793983330455470,In The Know Now - Health,1,2025-09-19T07:00:00Z,2025-10-20T07:00:00Z,FACEBOOK|INSTAGRAM|AUDIENCE_NETWORK|MESSENGER|THREADS,,DENTAL_IMPLANTS,https://theextrathought.com/dental-implant-costs-and-options-a-comprehensive-guide/,video,ğŸ’¥ FREE Dental Implants + Cash â€” See If You Qualify NOW!,"ğŸ’¥ FREE Dental Implants + Cash â€” See If You Qualify NOW! 
 Stop paying $3,000+ per tooth! Claim your FREE dental implants today â€” plus get extra cash in your pocket. Spots are limited â€” check if you qualify before itâ€™s gone! ğŸ¦·ğŸ’° 
 www.seeknowguides.com",,,dGhlZXh0cmF0,,,,,,
1196671289167172,793983330455470,In The Know Now - Health,1,2025-09-20T07:00:00Z,2025-10-20T07:00:00Z,FACEBOOK|INSTAGRAM|AUDIENCE_NETWORK|MESSENGER|THREADS,,DENTAL_IMPLANTS,https://theextrathought.com/dental-implant-costs-and-options-a-comprehensive-guide/,video,ğŸ’¥ FREE Dental Implants + Cash â€” See If You Qualify NOW!,"ğŸ’¥ FREE Dental Implants + Cash â€” See If You Qualify NOW! 
 Stop paying $3,000+ per tooth! Claim your FREE dental implants today â€” plus get extra cash in your pocket. Spots are limited â€” check if you qualify before itâ€™s gone! ğŸ¦·ğŸ’° 
 www.seeknowguides.com",,,dGhlZXh0cmF0,,,,,,
1439636363761349,793983330455470,In The Know Now - Health,1,2025-09-19T07:00:00Z,2025-10-20T07:00:00Z,FACEBOOK|INSTAGRAM|AUDIENCE_NETWORK|MESSENGER|THREADS,,UNKNOWN,https://theextrathought.com/get-paid-to-help-science-join-clinical-trials-for-sleep-apnea-and-improve-lives/,video,"$4,000 for Doing Almost Nothing â€“ Sleep Apnea Trial Paying NOW!","$4,000 for Doing Almost Nothing â€“ Sleep Apnea Trial Paying NOW! 
 Crazy fast cash! ğŸ’¸ Participate in sleep apnea clinical trials and pocket up to $4,000â€”no insurance, no fees, just guaranteed payout if you qualify. Spots vanish QUICKâ€”tap before itâ€™s too late! â¬‡ï¸ 
 www.seeknowguides.com",,,dGhlZXh0cmF0,,,,,,
783600000847678,793983330455470,In The Know Now - Health,1,2025-08-24T07:00:00Z,2025-10-12T07:00:00Z,FACEBOOK|INSTAGRAM|AUDIENCE_NETWORK|MESSENGER|THREADS,,UNKNOWN,https://theextrathought.com/get-paid-to-help-science-join-clinical-trials-for-sleep-apnea-and-improve-lives/,video,"$4,000 for Doing Almost Nothing â€“ Sleep Apnea Trial Paying NOW!","$4,000 for Doing Almost Nothing â€“ Sleep Apnea Trial Paying NOW! 
 Crazy fast cash! ğŸ’¸ Participate in sleep apnea clinical trials and pocket up to $4,000â€”no insurance, no fees, just guaranteed payout if you qualify. Spots vanish QUICKâ€”tap before itâ€™s too late! â¬‡ï¸ 
 www.seeknowguides.com",,,dGhlZXh0cmF0,,,,,,
658602750632824,793983330455470,In The Know Now - Health,1,2025-09-19T07:00:00Z,2025-10-20T07:00:00Z,FACEBOOK|INSTAGRAM|AUDIENCE_NETWORK|MESSENGER|THREADS,,UNKNOWN,https://theextrathought.com/get-paid-to-help-science-join-clinical-trials-for-sleep-apnea-and-improve-lives/,video,"$4,000 for Doing Almost Nothing â€“ Sleep Apnea Trial Paying NOW!","$4,000 for Doing Almost Nothing â€“ Sleep Apnea Trial Paying NOW! 
 Crazy fast cash! ğŸ’¸ Participate in sleep apnea clinical trials and pocket up to $4,000â€”no insurance, no fees, just guaranteed payout if you qualify. Spots vanish QUICKâ€”tap before itâ€™s too late! â¬‡ï¸ 
 www.seeknowguides.com",,,dGhlZXh0cmF0,,,,,,
1448552233129370,793983330455470,In The Know Now - Health,1,2025-08-24T07:00:00Z,2025-10-20T07:00:00Z,FACEBOOK|INSTAGRAM|AUDIENCE_NETWORK|MESSENGER|THREADS,,UNKNOWN,https://theextrathought.com/get-paid-to-help-science-join-clinical-trials-for-sleep-apnea-and-improve-lives/,video,"$4,000 for Doing Almost Nothing â€“ Sleep Apnea Trial Paying NOW!","$4,000 for Doing Almost Nothing â€“ Sleep Apnea Trial Paying NOW! 
 Crazy fast cash! ğŸ’¸ Participate in sleep apnea clinical trials and pocket up to $4,000â€”no insurance, no fees, just guaranteed payout if you qualify. Spots vanish QUICKâ€”tap before itâ€™s too late! â¬‡ï¸ 
 www.seeknowguides.com",,,dGhlZXh0cmF0,,,,,,
804555008983719,793983330455470,In The Know Now - Health,1,2025-09-19T07:00:00Z,2025-10-19T07:00:00Z,FACEBOOK|INSTAGRAM|AUDIENCE_NETWORK|MESSENGER|THREADS,,UNKNOWN,https://theextrathought.com/get-paid-to-help-science-join-clinical-trials-for-sleep-apnea-and-improve-lives/,video,"$4,000 for Doing Almost Nothing â€“ Sleep Apnea Trial Paying NOW!","$4,000 for Doing Almost Nothing â€“ Sleep Apnea Trial Paying NOW! 
 Crazy fast cash! ğŸ’¸ Participate in sleep apnea clinical trials and pocket up to $4,000â€”no insurance, no fees, just guaranteed payout if you qualify. Spots vanish QUICKâ€”tap before itâ€™s too late! â¬‡ï¸ 
 www.seeknowguides.com",,,dGhlZXh0cmF0,,,,,,
2739821812877890,793983330455470,In The Know Now - Health,1,2025-09-17T07:00:00Z,2025-10-20T07:00:00Z,FACEBOOK|INSTAGRAM|AUDIENCE_NETWORK|MESSENGER|THREADS,,UNKNOWN,https://theextrathought.com/neuropathy-clinical-trials-offer-hope-for-millions-living-with-nerve-pain/,video,"Neuropathy Patients Wanted â€“ $3,000 Reward ğŸ’° Researchers are looking for neuropathy trial participants right now.","Neuropathy Patients Wanted â€“ $3,000 Reward ğŸ’° 
 Researchers are looking for neuropathy trial participants right now. Get access to expert care, test new treatments, and earn up to $3,000 cash.
Hurryâ€”tap below to claim your spot before theyâ€™re gone! â¬‡ï¸ 
 www.seeknowguides.com",,,dGhlZXh0cmF0,,,,,,
636526332847099,793983330455470,In The Know Now - Health,1,2025-09-17T07:00:00Z,2025-10-14T07:00:00Z,FACEBOOK|INSTAGRAM|AUDIENCE_NETWORK|MESSENGER|THREADS,,UNKNOWN,https://theextrathought.com/neuropathy-clinical-trials-offer-hope-for-millions-living-with-nerve-pain/,video,"Neuropathy Patients Wanted â€“ $3,000 Reward ğŸ’° Researchers are looking for neuropathy trial participants right now.","Neuropathy Patients Wanted â€“ $3,000 Reward ğŸ’° 
 Researchers are looking for neuropathy trial participants right now. Get access to expert care, test new treatments, and earn up to $3,000 cash.
Hurryâ€”tap below to claim your spot before theyâ€™re gone! â¬‡ï¸ 
 www.seeknowguides.com",,,dGhlZXh0cmF0,,,,,,
1112010127207074,793983330455470,In The Know Now - Health,1,2025-09-17T07:00:00Z,2025-10-20T07:00:00Z,FACEBOOK|INSTAGRAM|AUDIENCE_NETWORK|MESSENGER|THREADS,,UNKNOWN,https://theextrathought.com/neuropathy-clinical-trials-offer-hope-for-millions-living-with-nerve-pain/,video,"Neuropathy Patients Wanted â€“ $3,000 Reward ğŸ’° Researchers are looking for neuropathy trial participants right now.","Neuropathy Patients Wanted â€“ $3,000 Reward ğŸ’° 
 Researchers are looking for neuropathy trial participants right now. Get access to expert care, test new treatments, and earn up to $3,000 cash.
Hurryâ€”tap below to claim your spot before theyâ€™re gone! â¬‡ï¸ 
 www.seeknowguides.com",,,dGhlZXh0cmF0,,,,,,
1339403291078122,793983330455470,In The Know Now - Health,1,2025-09-17T07:00:00Z,2025-10-17T07:00:00Z,FACEBOOK|INSTAGRAM|AUDIENCE_NETWORK|MESSENGER|THREADS,,UNKNOWN,https://theextrathought.com/neuropathy-clinical-trials-offer-hope-for-millions-living-with-nerve-pain/,video,"Neuropathy Patients Wanted â€“ $3,000 Reward ğŸ’° Researchers are looking for neuropathy trial participants right now.","Neuropathy Patients Wanted â€“ $3,000 Reward ğŸ’° 
 Researchers are looking for neuropathy trial participants right now. Get access to expert care, test new treatments, and earn up to $3,000 cash.
Hurryâ€”tap below to claim your spot before theyâ€™re gone! â¬‡ï¸ 
 www.seeknowguides.com",,,dGhlZXh0cmF0,,,,,,
3465373990268287,793983330455470,In The Know Now - Health,1,2025-09-17T07:00:00Z,2025-10-20T07:00:00Z,FACEBOOK|INSTAGRAM|AUDIENCE_NETWORK|MESSENGER|THREADS,,UNKNOWN,https://theextrathought.com/neuropathy-clinical-trials-offer-hope-for-millions-living-with-nerve-pain/,video,"Neuropathy Patients Wanted â€“ $3,000 Reward ğŸ’° Researchers are looking for neuropathy trial participants right now.","Neuropathy Patients Wanted â€“ $3,000 Reward ğŸ’° 
 Researchers are looking for neuropathy trial participants right now. Get access to expert care, test new treatments, and earn up to $3,000 cash.
Hurryâ€”tap below to claim your spot before theyâ€™re gone! â¬‡ï¸ 
 www.seeknowguides.com",,,dGhlZXh0cmF0,,,,,,
2214154342340317,793983330455470,In The Know Now - Health,1,2025-09-14T07:00:00Z,2025-10-20T07:00:00Z,FACEBOOK|INSTAGRAM|AUDIENCE_NETWORK|MESSENGER|THREADS,,UNKNOWN,https://theextrathought.com/exploring-new-frontiers-how-diabetes-clinical-trials-are-paving-the-way-for-breakthrough-treatments/,video,"Earn $1,500 + FREE Treatmentâ€”Join This Study TODAY!","Earn $1,500 + FREE Treatmentâ€”Join This Study TODAY! 
 Stop wasting money on meds and doctor visits ğŸ’¸. This study pays $1,500 and gives all care, tests, and medications FREE. Openings are limitedâ€”tap fast! â¬‡ï¸ 
 www.seeknowguides.com",,,dGhlZXh0cmF0,,,,,,
1175991584372533,793983330455470,In The Know Now - Health,1,2025-09-12T07:00:00Z,2025-10-20T07:00:00Z,FACEBOOK|INSTAGRAM|AUDIENCE_NETWORK|MESSENGER|THREADS,,DENTAL_IMPLANTS,https://theextrathought.com/dental-implant-costs-and-options-a-comprehensive-guide/,video,Get Your Permanent Dental Implants NOW â€“ 100% FREE!,"Get Your Permanent Dental Implants NOW â€“ 100% FREE! 
 Sick of dentures that slip, hurt, and ruin your smile? Enough is enough!
ğŸ”¥ Get permanent, natural-looking teeth that never move or cause pain
ğŸ”¥ Stop feeling embarrassedâ€”own your smile and live without limits
ğŸ”¥ Take back your confidence, your bite, your lifeâ€”starting today
ğŸ”¥ FREE dental implants consultation with zero tricks, zero pressure
This isnâ€™t a maybe. Itâ€™s your ONLY chance to upgrade your mouth for GOOD.
ğŸš¨ Donâ€™t waitâ€”these FREE spots are vanishing fast. Tap NOW or miss out forever! 
 www.seeknowguides.com",,,dGhlZXh0cmF0,,,,,,
1962464074325947,793983330455470,In The Know Now - Health,1,2025-09-12T07:00:00Z,2025-10-20T07:00:00Z,FACEBOOK|INSTAGRAM|AUDIENCE_NETWORK|MESSENGER|THREADS,,DENTAL_IMPLANTS,https://theextrathought.com/dental-implant-costs-and-options-a-comprehensive-guide/,video,Get Your Permanent Dental Implants NOW â€“ 100% FREE!,"Get Your Permanent Dental Implants NOW â€“ 100% FREE! 
 Sick of dentures that slip, hurt, and ruin your smile? Enough is enough!
ğŸ”¥ Get permanent, natural-looking teeth that never move or cause pain
ğŸ”¥ Stop feeling embarrassedâ€”own your smile and live without limits
ğŸ”¥ Take back your confidence, your bite, your lifeâ€”starting today
ğŸ”¥ FREE dental implants consultation with zero tricks, zero pressure
This isnâ€™t a maybe. Itâ€™s your ONLY chance to upgrade your mouth for GOOD.
ğŸš¨ Donâ€™t waitâ€”these FREE spots are vanishing fast. Tap NOW or miss out forever! 
 www.seeknowguides.com",,,dGhlZXh0cmF0,,,,,,
670880712680142,793983330455470,In The Know Now - Health,1,2025-08-24T07:00:00Z,2025-10-20T07:00:00Z,FACEBOOK|INSTAGRAM|AUDIENCE_NETWORK|MESSENGER|THREADS,,UNKNOWN,https://theextrathought.com/exploring-new-frontiers-how-diabetes-clinical-trials-are-paving-the-way-for-breakthrough-treatments/,video,"Earn $1,500 + FREE Treatmentâ€”Join This Study TODAY!","Earn $1,500 + FREE Treatmentâ€”Join This Study TODAY! 
 Stop wasting money on meds and doctor visits ğŸ’¸. This study pays $1,500 and gives all care, tests, and medications FREE. Openings are limitedâ€”tap fast! â¬‡ï¸ 
 www.seeknowguides.com",,,dGhlZXh0cmF0,,,,,,
943050224653572,793983330455470,In The Know Now - Health,1,2025-08-24T07:00:00Z,2025-10-16T07:00:00Z,FACEBOOK|INSTAGRAM|AUDIENCE_NETWORK|MESSENGER|THREADS,,UNKNOWN,https://theextrathought.com/exploring-new-frontiers-how-diabetes-clinical-trials-are-paving-the-way-for-breakthrough-treatments/,video,"Earn $1,500 + FREE Treatmentâ€”Join This Study TODAY!","Earn $1,500 + FREE Treatmentâ€”Join This Study TODAY! 
 Stop wasting money on meds and doctor visits ğŸ’¸. This study pays $1,500 and gives all care, tests, and medications FREE. Openings are limitedâ€”tap fast! â¬‡ï¸ 
 www.seeknowguides.com",,,dGhlZXh0cmF0,,,,,,
1454685855852842,793983330455470,In The Know Now - Health,1,2025-08-24T07:00:00Z,2025-10-20T07:00:00Z,FACEBOOK|INSTAGRAM|AUDIENCE_NETWORK|MESSENGER|THREADS,,UNKNOWN,https://theextrathought.com/exploring-new-frontiers-how-diabetes-clinical-trials-are-paving-the-way-for-breakthrough-treatments/,video,"Earn $1,500 + FREE Treatmentâ€”Join This Study TODAY!","Earn $1,500 + FREE Treatmentâ€”Join This Study TODAY! 
 Stop wasting money on meds and doctor visits ğŸ’¸. This study pays $1,500 and gives all care, tests, and medications FREE. Openings are limitedâ€”tap fast! â¬‡ï¸ 
 www.seeknowguides.com",,,dGhlZXh0cmF0,,,,,,
2061411781056061,793983330455470,In The Know Now - Health,1,2025-08-24T07:00:00Z,2025-09-27T07:00:00Z,FACEBOOK|INSTAGRAM|AUDIENCE_NETWORK|MESSENGER|THREADS,,UNKNOWN,https://theextrathought.com/exploring-new-frontiers-how-diabetes-clinical-trials-are-paving-the-way-for-breakthrough-treatments/,video,"Earn $1,500 + FREE Treatmentâ€”Join This Study TODAY!","Earn $1,500 + FREE Treatmentâ€”Join This Study TODAY! 
 Stop wasting money on meds and doctor visits ğŸ’¸. This study pays $1,500 and gives all care, tests, and medications FREE. Openings are limitedâ€”tap fast! â¬‡ï¸ 
 www.seeknowguides.com",,,dGhlZXh0cmF0,,,,,,
982245653973143,793983330455470,In The Know Now - Health,1,2025-08-20T07:00:00Z,2025-10-20T07:00:00Z,FACEBOOK|INSTAGRAM|AUDIENCE_NETWORK|MESSENGER|THREADS,,UNKNOWN,https://theextrathought.com/neuropathy-clinical-trials-offer-hope-for-millions-living-with-nerve-pain/,video,"Neuropathy Patients Wanted â€“ $3,000 Reward ğŸ’° Researchers are looking for neuropathy trial participants right now.","Neuropathy Patients Wanted â€“ $3,000 Reward ğŸ’° 
 Researchers are looking for neuropathy trial participants right now. Get access to expert care, test new treatments, and earn up to $3,000 cash.
Hurryâ€”tap below to claim your spot before theyâ€™re gone! â¬‡ï¸ 
 www.seeknowguides.com",,,dGhlZXh0cmF0,,,,,,
1496769381746302,793983330455470,In The Know Now - Health,1,2025-08-20T07:00:00Z,2025-10-20T07:00:00Z,FACEBOOK|INSTAGRAM|AUDIENCE_NETWORK|MESSENGER|THREADS,,UNKNOWN,https://theextrathought.com/neuropathy-clinical-trials-offer-hope-for-millions-living-with-nerve-pain/,video,"Neuropathy Patients Wanted â€“ $3,000 Reward ğŸ’° Researchers are looking for neuropathy trial participants right now.","Neuropathy Patients Wanted â€“ $3,000 Reward ğŸ’° 
 Researchers are looking for neuropathy trial participants right now. Get access to expert care, test new treatments, and earn up to $3,000 cash.
Hurryâ€”tap below to claim your spot before theyâ€™re gone! â¬‡ï¸ 
 www.seeknowguides.com",,,dGhlZXh0cmF0,,,,,,
4081385282135606,793983330455470,In The Know Now - Health,1,2025-08-20T07:00:00Z,2025-10-20T07:00:00Z,FACEBOOK|INSTAGRAM|AUDIENCE_NETWORK|MESSENGER|THREADS,,UNKNOWN,https://theextrathought.com/neuropathy-clinical-trials-offer-hope-for-millions-living-with-nerve-pain/,video,"Neuropathy Patients Wanted â€“ $3,000 Reward ğŸ’° Researchers are looking for neuropathy trial participants right now.","Neuropathy Patients Wanted â€“ $3,000 Reward ğŸ’° 
 Researchers are looking for neuropathy trial participants right now. Get access to expert care, test new treatments, and earn up to $3,000 cash.
Hurryâ€”tap below to claim your spot before theyâ€™re gone! â¬‡ï¸ 
 www.seeknowguides.com",,,dGhlZXh0cmF0,,,,,,