competitor_id,pixel_ids,param_keys,widget_phrases,widget_forcekey_matches,ad_count
YWRfaWR8ZmJj,,ad_id|fbclick|fbid|forcekeyA|forcekeyB|forcekeyC|forcekeyD|forcekeyE|headline|imp|is_pub_ref|optkey|placement|s1agid|s1aid|s1cid|segment|utm_source,___|Ryan Pauls|préstamos FHA|préstamos del USDA|Compromiso Comunitario de Propiedad de Vivienda de Bank of America|Programa de Propiedad de Vivienda con Vales de Elección de Vivienda|programas de asistencia para compradores de vivienda|About Us|Contact|Terms of Use|Privacy Policy|Do not Sell my Info|Help Me Get a House by 2025|Como Comprar Casa Sin Down Payment|Quiero una Casa|Help Me Get a House in California|Help Me Get a House in los Angeles|Assist Me in Getting a House in los Angeles,forcekeyA:Help me get a house|forcekeyB:Assist me in getting a house,1
YWRfaWR8ZmJj,,ad_id|fbclick|fbid|forcekeyA|forcekeyB|forcekeyC|forcekeyD|forcekeyE|headline|imp|is_pub_ref|optkey|placement|s1agid|s1aid|s1cid|segment|utm_source,___|Ryan Pauls|préstamos FHA|préstamos del USDA|Compromiso Comunitario de Propiedad de Vivienda de Bank of America|Programa de Propiedad de Vivienda con Vales de Elección de Vivienda|programas de asistencia para compradores de vivienda|About Us|Contact|Terms of Use|Privacy Policy|Do not Sell my Info|Assist Me in Getting a House in los Angeles|Help Me Get a House|Ayuda para Primeros Compradores de Casa en California|Help Me Get a House in California|Help Me Get a House in los Angeles|Help Me Get a House by 2025,forcekeyA:Help me get a house|forcekeyB:Assist me in getting a house,1
YWRfaWR8ZmJj,,ad_id|fbclick|fbid|forcekeyA|forcekeyB|forcekeyC|forcekeyD|forcekeyE|headline|imp|is_pub_ref|optkey|placement|s1agid|s1aid|s1cid|segment|utm_source,___|Ryan Pauls|préstamos FHA|préstamos del USDA|Compromiso Comunitario de Propiedad de Vivienda de Bank of America|Programa de Propiedad de Vivienda con Vales de Elección de Vivienda|programas de asistencia para compradores de vivienda|About Us|Contact|Terms of Use|Privacy Policy|Do not Sell my Info|Help Me Get a House|Ayuda para Primeros Compradores de Casa en California|Ayuda para Comprar Casa por Primera Vez en Kissimmee|Help Me Get a House in California by 2025|Help Me Get a House in los Angeles|Help Me Get a House in 2025,forcekeyA:Help me get a house|forcekeyD:Help me get a house in 2025,1
YWRfaWR8ZmJj,,ad_id|fbclick|fbid|forcekeyA|forcekeyB|forcekeyC|forcekeyD|forcekeyE|headline|imp|is_pub_ref|optkey|placement|s1agid|s1aid|s1cid|segment|utm_source,___|Ryan Pauls|préstamos FHA|préstamos del USDA|Compromiso Comunitario de Propiedad de Vivienda de Bank of America|Programa de Propiedad de Vivienda con Vales de Elección de Vivienda|programas de asistencia para compradores de vivienda|About Us|Contact|Terms of Use|Privacy Policy|Do not Sell my Info|Help Me Get a House|Ayuda para Primeros Compradores de Casa en California|Assist Me in Getting a House|Help Me Get a House in California by 2025|Help Me Get a House in los Angeles|Help Me Get a House in 2025,forcekeyA:Help me get a house|forcekeyB:Assist me in getting a house|forcekeyD:Help me get a house in 2025,1
YWRfaWR8ZmJj,,ad_id|fbclick|fbid|forcekeyA|forcekeyB|forcekeyC|forcekeyD|forcekeyE|headline|imp|is_pub_ref|optkey|placement|s1agid|s1aid|s1cid|segment|utm_source,___|Ryan Pauls|several advantages|Apartments.com|SeniorHousingNet.com|APlaceForMom.com|former Briarwood College campus|215 affordable housing units|personal needs and preferences|different amenities|About Us|Contact|Terms of Use|Privacy Policy|Do not Sell my Info|Must-see Senior Living Options for $249/month|See Senior Living Options for $249/month|Seniors Apartments Nearby|Find Senior Living Options for $249/month|Senior Living Options for $249/month|Must See Senior Living Options for $249/month,forcekeyA:Senior Living Options for $249/month|forcekeyB:see Senior Living Options for $249/month|forcekeyC:find Senior Living Options for $249/month|forcekeyD:must see Senior Living Options for $249/month|forcekeyE:must-see Senior Living Options for $249/month,4
forcekeyA:tree cutting service for $49 near my zipcode|forcekeyB:tree cutting services for $49 near my zipcode|forcekeyC:tree cutting service near my zipcode for $49|forcekeyD:tree cutting services near my zipcode for $49|forcekeyE:tree cutting service for $49 near me,ad_id|fbclick|fbid|forcekeyA|forcekeyB|forcekeyC|forcekeyD|forcekeyE|headline|imp|is_pub_ref|optkey|placement|s1agid|s1aid|s1cid|segment|utm_source,,,___|Kaili Bell|shop around and get multiple quotes|by hundreds of dollars|companies offer discounts|About Us|Contact|Terms of Use|Privacy Policy|Do not Sell my Info|Tree Cutting Service for $49 Near Me|Tree Cutting Service Near My Zipcode for $49|Tree Removal Near Me|Tree Cutting Services for $49 Near My Zipcode|Tree Cutting Services Near My Zipcode for $49|Tree Cutting Service for $49 Near My Zipcode,1
YWRfaWR8ZmJj,,ad_id|fbclick|fbid|forcekeyA|forcekeyB|forcekeyC|forcekeyD|forcekeyE|headline|imp|is_pub_ref|optkey|placement|s1agid|s1aid|s1cid|segment|utm_source,___|Ryan Pauls|several advantages|Apartments.com|SeniorHousingNet.com|APlaceForMom.com|former Briarwood College campus|215 affordable housing units|personal needs and preferences|different amenities|About Us|Contact|Terms of Use|Privacy Policy|Do not Sell my Info|Must See Senior Living Options for $249/month|Must-see Senior Living Options for $249/month|Seniors Apartments Nearby|Find Senior Living Options for $249/month|Senior Living Options for $249/month|See Senior Living Options for $249/month,forcekeyA:Senior Living Options for $249/month|forcekeyB:see Senior Living Options for $249/month|forcekeyC:find Senior Living Options for $249/month|forcekeyD:must see Senior Living Options for $249/month|forcekeyE:must-see Senior Living Options for $249/month,3
forcekeyA:tree cutting service for $49 near my zipcode|forcekeyB:tree cutting services for $49 near my zipcode|forcekeyC:tree cutting service near my zipcode for $49|forcekeyD:tree cutting services near my zipcode for $49|forcekeyE:tree cutting service for $49 near me,ad_id|fbclick|fbid|forcekeyA|forcekeyB|forcekeyC|forcekeyD|forcekeyE|headline|imp|is_pub_ref|optkey|placement|s1agid|s1aid|s1cid|segment|utm_source,,,___|Kaili Bell|shop around and get multiple quotes|by hundreds of dollars|companies offer discounts|About Us|Contact|Terms of Use|Privacy Policy|Do not Sell my Info|Tree Cutting Service Near My Zipcode for $49|Tree Cutting Service for $49 Near Me|Tree Cutting Cost|Tree Cutting Services for $49 Near My Zipcode|Tree Cutting Service for $49 Near My Zipcode|Tree Cutting Services Near My Zipcode for $49,1
forcekeyA:tree cutting service for $49 near my zipcode|forcekeyB:tree cutting services for $49 near my zipcode|forcekeyC:tree cutting service near my zipcode for $49|forcekeyD:tree cutting services near my zipcode for $49|forcekeyE:tree cutting service for $49 near me,ad_id|fbclick|fbid|forcekeyA|forcekeyB|forcekeyC|forcekeyD|forcekeyE|headline|imp|is_pub_ref|optkey|placement|s1agid|s1aid|s1cid|segment|utm_source,,,___|Kaili Bell|shop around and get multiple quotes|by hundreds of dollars|companies offer discounts|About Us|Contact|Terms of Use|Privacy Policy|Do not Sell my Info|Tree Cutting Service Near My Zipcode for $49|Tree Cutting Service for $49 Near Me|Cheap Tree Removal|Tree Cutting Services for $49 Near My Zipcode|Tree Cutting Service for $49 Near My Zipcode|Tree Cutting Services Near My Zipcode for $49,3
YWRfaWR8ZmJj,,ad_id|fbclick|fbid|forcekeyA|forcekeyB|forcekeyC|forcekeyD|forcekeyE|headline|imp|is_pub_ref|optkey|placement|s1agid|s1aid|s1cid|segment|utm_source,___|Ryan Pauls|membership programs and discounts|between $300 and $600|About Us|Contact|Terms of Use|Privacy Policy|Do not Sell my Info|Best Get $119 Botox Doctor Near Me Full Botox|Get $119 Botox Doctors Near Me Full Botox|Affordable Botox Near Me|Get $119 Botox Doctor Near Me Full Botox October 2025|Get $119 Botox Doctor Near Me Full Botox|Get $119 Botox Doctor in los Angeles Near Me Full Botox,forcekeyA:get $119 botox doctor near me full botox|forcekeyB:$119 botox doctor near me full botox,1
YWRfaWR8ZmJj,,ad_id|fbclick|fbid|forcekeyA|forcekeyB|forcekeyC|forcekeyD|forcekeyE|headline|imp|is_pub_ref|optkey|placement|s1agid|s1aid|s1cid|segment|utm_source,___|Ryan Pauls|membership programs and discounts|between $300 and $600|About Us|Contact|Terms of Use|Privacy Policy|Do not Sell my Info|Get $119 Botox Doctors Near Me Full Botox|Get $119 Botox Doctor in los Angeles Near Me Full Botox|Botox for 70 Year Old|Best Get $119 Botox Doctor Near Me Full Botox|Get $119 Botox Doctor Near Me Full Botox|Get $119 Botox Doctor Near Me Full Botox October 2025,forcekeyA:get $119 botox doctor near me full botox|forcekeyB:$119 botox doctor near me full botox,1
YWRfaWR8ZmJj,,ad_id|fbclick|fbid|forcekeyA|forcekeyB|forcekeyC|forcekeyD|forcekeyE|headline|imp|is_pub_ref|optkey|placement|s1agid|s1aid|s1cid|segment|utm_source,___|Ryan Pauls|membership programs and discounts|between $300 and $600|About Us|Contact|Terms of Use|Privacy Policy|Do not Sell my Info|Affordable Botox Treatments in My Area|Botox 3 Areas for 150 Near Me|Affordable Botox Near Me|Find $119 Botox Doctor Near Me Full Botox|Get $119 Botox Doctor Near Me Full Botox|Get $149 Botox Doctor Near Me Full Botox,forcekeyA:get $119 botox doctor near me full botox|forcekeyB:$119 botox doctor near me full botox,1
YWRfaWR8ZmJj,,ad_id|fbclick|fbid|forcekeyA|forcekeyB|forcekeyC|forcekeyD|forcekeyE|headline|imp|is_pub_ref|optkey|placement|s1agid|s1aid|s1cid|segment|utm_source,___|Ryan Pauls|membership programs and discounts|between $300 and $600|About Us|Contact|Terms of Use|Privacy Policy|Do not Sell my Info|Get $119 Botox Doctor Nearby Full Botox|Get $119 Botox Doctor Near California Full Botox|Botox for 70 Year Old|Get $119 Botox Doctor Near Me Full Botox|Get $119 Botox Doctor Near los Angeles Full Botox|$119 Botox Doctor Near Me Full Botox,forcekeyA:get $119 botox doctor near me full botox|forcekeyB:$119 botox doctor near me full botox|forcekeyC:get $119 botox doctor nearby full botox,2
YWRfaWR8ZmJj,,ad_id|fbclick|fbid|forcekeyA|forcekeyB|forcekeyC|forcekeyD|forcekeyE|headline|imp|is_pub_ref|optkey|placement|s1agid|s1aid|s1cid|segment|utm_source,___|Ryan Pauls|membership programs and discounts|between $300 and $600|About Us|Contact|Terms of Use|Privacy Policy|Do not Sell my Info|Affordable Botox Treatments in My Area|Affordable Botox Near Me|Best Botox Injector Near Me|Get $119 Botox Doctor Near Me Full Botox|Get $149 Botox Doctor Near Me Full Botox|Find $119 Botox Doctor Near Me Full Botox,forcekeyA:get $119 botox doctor near me full botox|forcekeyB:$119 botox doctor near me full botox,1
YWRfaWR8ZmJj,,ad_id|fbclick|fbid|forcekeyA|forcekeyB|forcekeyC|forcekeyD|forcekeyE|headline|imp|is_pub_ref|optkey|placement|s1agid|s1aid|s1cid|segment|utm_source,___|Ryan Pauls|membership programs and discounts|between $300 and $600|About Us|Contact|Terms of Use|Privacy Policy|Do not Sell my Info|Get $119 Botox Doctor Near los Angeles Full Botox|Get $149 Botox Doctor Near Me Full Botox|Botox 3 Areas for 150 Near Me|Find $119 Botox Doctor Near Me Full Botox|See $119 Botox Doctor Near Me Full Botox|Get $119 Botox Doctor Near Me Full Botox,forcekeyA:Get $119 Botox Doctor Near Me Full Botox|forcekeyB:$119 Botox Doctor Near Me Full Botox,2
YWRfaWR8ZmJj,,ad_id|fbclick|fbid|forcekeyA|forcekeyB|forcekeyC|forcekeyD|forcekeyE|headline|imp|is_pub_ref|optkey|placement|s1agid|s1aid|s1cid|segment|utm_source,___|Ryan Pauls|membership programs and discounts|between $300 and $600|About Us|Contact|Terms of Use|Privacy Policy|Do not Sell my Info|Get $119 Botox Doctor Near California Full Botox|Get $119 Botox Doctor Nearby Full Botox|Botox 3 Areas for 150 Near Me|Get $119 Botox Doctor Near Me Full Botox|Get $119 Botox Doctor Near los Angeles Full Botox|$119 Botox Doctor Near Me Full Botox,forcekeyA:get $119 botox doctor near me full botox|forcekeyB:$119 botox doctor near me full botox|forcekeyC:get $119 botox doctor nearby full botox,2
YWRfaWR8ZmJj,,ad_id|fbclick|fbid|forcekeyA|forcekeyB|forcekeyC|forcekeyD|forcekeyE|headline|imp|is_pub_ref|optkey|placement|s1agid|s1aid|s1cid|segment|utm_source,___|Ryan Pauls|membership programs and discounts|between $300 and $600|About Us|Contact|Terms of Use|Privacy Policy|Do not Sell my Info|Get $119 Botox Doctor Nearby Full Botox|Get $119 Botox Doctor Near California Full Botox|Affordable Botox Near Me|Get $119 Botox Doctor Near Me Full Botox|$119 Botox Doctor Near Me Full Botox|Get $119 Botox Doctor Near los Angeles Full Botox,forcekeyA:Get $119 Botox Doctor Near Me Full Botox|forcekeyB:$119 Botox Doctor Near Me Full Botox|forcekeyC:Get $119 Botox Doctor Nearby Full Botox,2
YWRfaWR8ZmJj,,ad_id|fbclick|fbid|forcekeyA|forcekeyB|forcekeyC|forcekeyD|forcekeyE|headline|imp|is_pub_ref|optkey|placement|s1agid|s1aid|s1cid|segment|utm_source,___|Ryan Pauls|membership programs and discounts|between $300 and $600|About Us|Contact|Terms of Use|Privacy Policy|Do not Sell my Info|Get $119 Botox Doctor in los Angeles Near Me Full Botox|Get $119 Botox Doctors Near Me Full Botox|Botox 3 Areas for 150 Near Me|Get $119 Botox Doctor Near Me Full Botox October 2025|Get $119 Botox Doctor Near Me Full Botox|Best Get $119 Botox Doctor Near Me Full Botox,forcekeyA:Get $119 Botox Doctor Near Me Full Botox|forcekeyB:$119 Botox Doctor Near Me Full Botox,3
YWRfaWR8ZmJj,,ad_id|fbclick|fbid|forcekeyA|forcekeyB|forcekeyC|forcekeyD|forcekeyE|headline|imp|is_pub_ref|optkey|placement|s1agid|s1aid|s1cid|segment|utm_source,___|Ryan Pauls|membership programs and discounts|between $300 and $600|About Us|Contact|Terms of Use|Privacy Policy|Do not Sell my Info|Get $119 Botox Doctor Near California Full Botox|Get $119 Botox Doctor Nearby Full Botox|Botox 3 Areas for 150 Near Me|Get $119 Botox Doctor Near los Angeles Full Botox|Get $119 Botox Doctor Near Me Full Botox|$119 Botox Doctor Near Me Full Botox,forcekeyA:get $119 botox doctor near me full botox|forcekeyB:$119 botox doctor near me full botox|forcekeyC:get $119 botox doctor nearby full botox,1
YWRfaWR8ZmJj,,ad_id|fbclick|fbid|forcekeyA|forcekeyB|forcekeyC|forcekeyD|forcekeyE|headline|imp|is_pub_ref|optkey|placement|s1agid|s1aid|s1cid|segment|utm_source,___|Ryan Pauls|membership programs and discounts|between $300 and $600|About Us|Contact|Terms of Use|Privacy Policy|Do not Sell my Info|Get $119 Botox Doctor Nearby Full Botox|Get $119 Botox Doctor Near los Angeles Full Botox|Affordable Botox Near Me|Get $119 Botox Doctor Near Me Full Botox|$119 Botox Doctor Near Me Full Botox|Get $119 Botox Doctor Near California Full Botox,forcekeyA:Get $119 Botox Doctor Near Me Full Botox|forcekeyB:$119 Botox Doctor Near Me Full Botox|forcekeyC:Get $119 Botox Doctor Nearby Full Botox,1
YWRfaWR8ZmJj,,ad_id|fbclick|fbid|forcekeyA|forcekeyB|forcekeyC|forcekeyD|forcekeyE|headline|imp|is_pub_ref|optkey|placement|s1agid|s1aid|s1cid|segment|utm_source,___|Ryan Pauls|membership programs and discounts|between $300 and $600|About Us|Contact|Terms of Use|Privacy Policy|Do not Sell my Info|See $119 Botox Doctor Near Me Full Botox|Find $119 Botox Doctor Near Me Full Botox|Botox 3 Areas for 150 Near Me|Get $119 Botox Doctor Near los Angeles Full Botox|Get $119 Botox Doctor Near Me Full Botox|Get $149 Botox Doctor Near Me Full Botox,forcekeyA:Get $119 Botox Doctor Near Me Full Botox|forcekeyB:$119 Botox Doctor Near Me Full Botox,1
YWRfaWR8ZmJj,,ad_id|fbclick|fbid|forcekeyA|forcekeyB|forcekeyC|forcekeyD|forcekeyE|headline|imp|is_pub_ref|optkey|placement|s1agid|s1aid|s1cid|segment|utm_source,___|Ryan Pauls|membership programs and discounts|between $300 and $600|About Us|Contact|Terms of Use|Privacy Policy|Do not Sell my Info|Get $149 Botox Doctor Near Me Full Botox|Affordable Botox Near Me|Best Botox Injector Near Me|Get $119 Botox Doctor Near Me Full Botox|Find $119 Botox Doctor Near Me Full Botox|Affordable Botox Treatments in My Area,forcekeyA:get $119 botox doctor near me full botox|forcekeyB:$119 botox doctor near me full botox,1
YWRfaWR8ZmJj,,ad_id|fbclick|fbid|forcekeyA|forcekeyB|forcekeyC|forcekeyD|forcekeyE|headline|imp|is_pub_ref|optkey|placement|s1agid|s1aid|s1cid|segment|utm_source,___|Ryan Pauls|membership programs and discounts|between $300 and $600|About Us|Contact|Terms of Use|Privacy Policy|Do not Sell my Info|Affordable Botox Near Me|Botox for the First Time|Best Botox Injector Near Me|Best Botox Deals in los Angeles California|Find Affordable Botox Options in California|Botox 3 Areas for 150 Near Me,,1
YWRfaWR8ZmJj,,ad_id|fbclick|fbid|forcekeyA|forcekeyB|forcekeyC|forcekeyD|forcekeyE|headline|imp|is_pub_ref|optkey|placement|s1agid|s1aid|s1cid|segment|utm_source,___|Wyatt Gardener|Low-cost carriers|MVNOs|family plans|restrict background data usage|typically $5 to $10 per month|About Us|Contact|Terms of Use|Privacy Policy|Do not Sell my Info|Best Family Cell Phone Plans with Free Phones|Cheapest Phone Plans for One Person|Cheapest Cell Phone Service with Unlimited Data|Low Cost Phone Plans in los Angeles|Discounted Phone Plans for Seniors|I Phone,,1
YWRfaWR8ZmJj,,ad_id|fbclick|fbid|forcekeyA|forcekeyB|forcekeyC|forcekeyD|forcekeyE|headline|imp|is_pub_ref|optkey|placement|s1agid|s1aid|s1cid|segment|utm_source,___|Wyatt Gardener|Low-cost carriers|MVNOs|family plans|restrict background data usage|typically $5 to $10 per month|About Us|Contact|Terms of Use|Privacy Policy|Do not Sell my Info|Discounted Phones for Seniors 60|Phone and Internet Deals for Seniors|Best Family Cell Phone Plans with Free Phones|Free Phone for Seniors|See Free Phones for Seniors|Discounted Phones for Seniors 60 and Older,forcekeyC:discounted phones for seniors 60 and older|forcekeyD:discounted phones for seniors 60,3
YWRfaWR8ZmJj,,ad_id|fbclick|fbid|forcekeyA|forcekeyB|forcekeyC|forcekeyD|forcekeyE|headline|imp|is_pub_ref|optkey|placement|s1agid|s1aid|s1cid|segment|utm_source,___|Wyatt Gardener|Low-cost carriers|MVNOs|family plans|restrict background data usage|typically $5 to $10 per month|About Us|Contact|Terms of Use|Privacy Policy|Do not Sell my Info|Best Family Cell Phone Plans with Free Phones|Discounted Phones for Seniors 60|Phone and Internet Deals for Seniors|See Free Phones for Seniors|Free Phone for Seniors|Discounted Phones for Seniors 60 and Older,forcekeyC:discounted phones for seniors 60 and older|forcekeyD:discounted phones for seniors 60,2
YWRfaWR8ZmJj,,ad_id|fbclick|fbid|forcekeyA|forcekeyB|forcekeyC|forcekeyD|forcekeyE|headline|imp|is_pub_ref|optkey|placement|s1agid|s1aid|s1cid|segment|utm_source,___|Wyatt Gardener|Low-cost carriers|MVNOs|family plans|restrict background data usage|typically $5 to $10 per month|About Us|Contact|Terms of Use|Privacy Policy|Do not Sell my Info|Get Discounted Senior Phone Plans|Best Discounted Senior Phone Plans|Best Family Cell Phone Plans with Free Phones|Discounted Phones for Seniors 60|Discounted Phones for Seniors 60 and Older|Discounted Senior Phone Plans,forcekeyA:discounted senior phone plans|forcekeyB:get discounted senior phone plans|forcekeyC:discounted phones for seniors 60 and older|forcekeyD:discounted phones for seniors 60|forcekeyE:best discounted senior phone plans,1
YWRfaWR8ZmJj,,ad_id|fbclick|fbid|forcekeyA|forcekeyB|forcekeyC|forcekeyD|forcekeyE|headline|imp|is_pub_ref|optkey|placement|s1agid|s1aid|s1cid|segment|utm_source,___|Wyatt Gardener|Low-cost carriers|MVNOs|family plans|restrict background data usage|typically $5 to $10 per month|About Us|Contact|Terms of Use|Privacy Policy|Do not Sell my Info|Discounted Phones for Seniors 60 and Older Near Me|Best Discounted Phones for Seniors 60 and Older|How to Get a New Phone|Discounted Phones for Seniors 60 and Older October 2025|Discounted Phones for Seniors 60 and Older|Discounted Phone for Seniors 60 and Older,forcekeyC:discounted phones for seniors 60 and older|forcekeyD:discounted phones for seniors 60,1
YWRfaWR8ZmJj,,ad_id|fbclick|fbid|forcekeyA|forcekeyB|forcekeyC|forcekeyD|forcekeyE|headline|imp|is_pub_ref|optkey|placement|s1agid|s1aid|s1cid|segment|utm_source,___|Wyatt Gardener|Low-cost carriers|MVNOs|family plans|restrict background data usage|typically $5 to $10 per month|About Us|Contact|Terms of Use|Privacy Policy|Do not Sell my Info|Best Discounted Phones for Seniors 60 and Older|Discounted Phones for Seniors 60 and Older Near Me|Best Family Cell Phone Plans with Free Phones|Discounted Phone for Seniors 60 and Older|Discounted Phones for Seniors 60 and Older October 2025|Discounted Phones for Seniors 60 and Older,forcekeyC:discounted phones for seniors 60 and older|forcekeyD:discounted phones for seniors 60,2
YWRfaWR8ZmJj,,ad_id|fbclick|fbid|forcekeyA|forcekeyB|forcekeyC|forcekeyD|forcekeyE|headline|imp|is_pub_ref|optkey|placement|s1agid|s1aid|s1cid|segment|utm_source,___|Wyatt Gardener|Low-cost carriers|MVNOs|family plans|restrict background data usage|typically $5 to $10 per month|About Us|Contact|Terms of Use|Privacy Policy|Do not Sell my Info|Discounted Phone for Seniors 60 and Older|Best Discounted Phones for Seniors 60 and Older|Discounted Phones for Seniors 60 and Older Near Me|Discounted Phones for Seniors 60 and Older|Discounted Phones for Seniors 60 and Older October 2025|Best Family Cell Phone Plans with Free Phones,forcekeyC:discounted phones for seniors 60 and older|forcekeyD:discounted phones for seniors 60,2
YWRfaWR8ZmJj,,ad_id|fbclick|fbid|forcekeyA|forcekeyB|forcekeyC|forcekeyD|forcekeyE|headline|imp|is_pub_ref|optkey|placement|s1agid|s1aid|s1cid|segment|utm_source,___|Ryan Pauls|membership programs and discounts|between $300 and $600|About Us|Contact|Terms of Use|Privacy Policy|Do not Sell my Info|Best Botox Injector Near Me|Botox Treatments Near Me|Best Botox Doctor Near Me|Affordable Botox Treatments in los Angeles|Botox 3 Areas for 150 Near Me|Affordable Botox Near Me,,1
YWRfaWR8ZmJj,,ad_id|fbclick|fbid|forcekeyA|forcekeyB|forcekeyC|forcekeyD|forcekeyE|headline|imp|is_pub_ref|optkey|placement|s1agid|s1aid|s1cid|segment|utm_source,___|Ryan Pauls|membership programs and discounts|between $300 and $600|About Us|Contact|Terms of Use|Privacy Policy|Do not Sell my Info|Get $119 Botox Doctor Near California Full Botox|Get $119 Botox Doctor Nearby Full Botox|Botox 3 Areas for 150 Near Me|Get $119 Botox Doctor Near Me Full Botox|Get $119 Botox Doctor Near los Angeles Full Botox|$119 Botox Doctor Near Me Full Botox,forcekeyA:Get $119 Botox Doctor Near Me Full Botox|forcekeyB:$119 Botox Doctor Near Me Full Botox|forcekeyC:Get $119 Botox Doctor Nearby Full Botox,1
YWRfaWR8ZmJj,,ad_id|fbclick|fbid|forcekeyA|forcekeyB|forcekeyC|forcekeyD|forcekeyE|headline|imp|is_pub_ref|optkey|placement|s1agid|s1aid|s1cid|segment|utm_source,___|Ryan Pauls|membership programs and discounts|between $300 and $600|About Us|Contact|Terms of Use|Privacy Policy|Do not Sell my Info|Best Botox Injector Near Me|Same Day Botox Near Me|Botox After 65|Affordable Botox Treatments in los Angeles|Botox 3 Areas for 150 Near Me|Affordable Botox Near Me,,1
YWRfaWR8ZmJj,,ad_id|fbclick|fbid|forcekeyA|forcekeyB|forcekeyC|forcekeyD|forcekeyE|headline|imp|is_pub_ref|optkey|placement|s1agid|s1aid|s1cid|segment|utm_source,___|Ryan Pauls|several advantages|Apartments.com|SeniorHousingNet.com|APlaceForMom.com|former Briarwood College campus|215 affordable housing units|personal needs and preferences|different amenities|About Us|Contact|Terms of Use|Privacy Policy|Do not Sell my Info|55+ New Homes Near Me|Best Senior Communities in Nj|Senior Apartment Communities|Senior Independent Living Nearby|New Senior Apartment Complexes|Senior Living Near Me,,1
YWRfaWR8ZmJj,,ad_id|fbclick|fbid|forcekeyA|forcekeyB|forcekeyC|forcekeyD|forcekeyE|headline|imp|is_pub_ref|optkey|placement|s1agid|s1aid|s1cid|segment|utm_source,___|Ryan Pauls|several advantages|Apartments.com|SeniorHousingNet.com|APlaceForMom.com|former Briarwood College campus|215 affordable housing units|personal needs and preferences|different amenities|About Us|Contact|Terms of Use|Privacy Policy|Do not Sell my Info|New Homes 55+ California|55+ Communities in Southern California|55+ Communities in los Angeles|Senior Apartments in Northridge|Senior Apartments in Canoga Park Ca|How to Apply for Senior Housing in California,,1
YWRfaWR8ZmJj,,ad_id|fbclick|fbid|forcekeyA|forcekeyB|forcekeyC|forcekeyD|forcekeyE|headline|imp|is_pub_ref|optkey|placement|s1agid|s1aid|s1cid|segment|utm_source,___|Ryan Pauls|several advantages|Apartments.com|SeniorHousingNet.com|APlaceForMom.com|former Briarwood College campus|215 affordable housing units|personal needs and preferences|different amenities|About Us|Contact|Terms of Use|Privacy Policy|Do not Sell my Info|New Homes 55+ California|New Apartments Nearby|Santa Monica New Hope Apartments|Senior Apartments in Northridge|55 and Over Apartments for Rent Near Me|La Pintoresca Apartments Pasadena,,1
YWRfaWR8ZmJj,,ad_id|fbclick|fbid|forcekeyA|forcekeyB|forcekeyC|forcekeyD|forcekeyE|headline|imp|is_pub_ref|optkey|placement|s1agid|s1aid|s1cid|segment|utm_source,___|Ryan Pauls|several advantages|Apartments.com|SeniorHousingNet.com|APlaceForMom.com|former Briarwood College campus|215 affordable housing units|personal needs and preferences|different amenities|About Us|Contact|Terms of Use|Privacy Policy|Do not Sell my Info|New Construction 55 Communities in Florida|Senior Living Near Me|55 and Over Apartments for Rent Near Me|Senior Independent Living Nearby|Senior Independent Living Communities|Best 55+ Communities in Florida,,1
YWRfaWR8ZmJj,,ad_id|fbclick|fbid|forcekeyA|forcekeyB|forcekeyC|forcekeyD|forcekeyE|headline|imp|is_pub_ref|optkey|placement|s1agid|s1aid|s1cid|segment|utm_source,___|Wyatt Gardener|Low-cost carriers|MVNOs|family plans|restrict background data usage|typically $5 to $10 per month|About Us|Contact|Terms of Use|Privacy Policy|Do not Sell my Info|Best Discounted Phones for Seniors 60 and Older|Free Business Phone Service|Discounted Phones for Seniors 60 and Older Near Me|Discounted Phones for Seniors 60 and Older|Discounted Phones for Seniors 60 and Older October 2025|Discounted Phone for Seniors 60 and Older,forcekeyC:discounted phones for seniors 60 and older|forcekeyD:discounted phones for seniors 60,1
YWRfaWR8ZmJj,,ad_id|fbclick|fbid|forcekeyA|forcekeyB|forcekeyC|forcekeyD|forcekeyE|headline|imp|is_pub_ref|optkey|placement|s1agid|s1aid|s1cid|segment|utm_source,___|Wyatt Gardener|Low-cost carriers|MVNOs|family plans|restrict background data usage|typically $5 to $10 per month|About Us|Contact|Terms of Use|Privacy Policy|Do not Sell my Info|Wireless Phone Deals|Free Business Phone Service|Best Family Cell Phone Plans with Free Phones|Discounted Phones for Seniors 60 and Older|Discounted Phones for Seniors 60|How to Get a New Phone,forcekeyC:discounted phones for seniors 60 and older|forcekeyD:discounted phones for seniors 60,1
YWRfaWR8ZmJj,,ad_id|fbclick|fbid|forcekeyA|forcekeyB|forcekeyC|forcekeyD|forcekeyE|headline|imp|is_pub_ref|optkey|placement|s1agid|s1aid|s1cid|segment|utm_source,___|Wyatt Gardener|Low-cost carriers|MVNOs|family plans|restrict background data usage|typically $5 to $10 per month|About Us|Contact|Terms of Use|Privacy Policy|Do not Sell my Info|Discounted Phones for Seniors 60 and Older Near Me|Best Discounted Phones for Seniors 60 and Older|Best Family Cell Phone Plans with Free Phones|Discounted Phone for Seniors 60 and Older|Discounted Phones for Seniors 60 and Older October 2025|Discounted Phones for Seniors 60 and Older,forcekeyC:discounted phones for seniors 60 and older|forcekeyD:discounted phones for seniors 60,3
YWRfaWR8ZmJj,,ad_id|fbclick|fbid|forcekeyA|forcekeyB|forcekeyC|forcekeyD|forcekeyE|headline|imp|is_pub_ref|optkey|placement|s1agid|s1aid|s1cid|segment|utm_source,___|Wyatt Gardener|Low-cost carriers|MVNOs|family plans|restrict background data usage|typically $5 to $10 per month|About Us|Contact|Terms of Use|Privacy Policy|Do not Sell my Info|How to Get a New Phone|I Need a New Phone But i Have no Money|Best Prepaid Phone Service for My Area|Discounted Phone Plans for Seniors|Best Family Cell Phone Plans with Free Phones|Low Cost Phone Plans in los Angeles,,1
YWRfaWR8ZmJj,,ad_id|fbclick|fbid|forcekeyA|forcekeyB|forcekeyC|forcekeyD|forcekeyE|headline|imp|is_pub_ref|optkey|placement|s1agid|s1aid|s1cid|segment|utm_source,___|Wyatt Gardener|Low-cost carriers|MVNOs|family plans|restrict background data usage|typically $5 to $10 per month|About Us|Contact|Terms of Use|Privacy Policy|Do not Sell my Info|How to Get a New Phone|I Need a New Phone But i Have no Money|Best Prepaid Phone Service for My Area|Discounted Phones for Seniors 60 and Older|Discounted Phones for Seniors 60|Best Family Cell Phone Plans with Free Phones,forcekeyC:discounted phones for seniors 60 and older|forcekeyD:discounted phones for seniors 60,2
YWRfaWR8ZmJj,,ad_id|fbclick|fbid|forcekeyA|forcekeyB|forcekeyC|forcekeyD|forcekeyE|headline|imp|is_pub_ref|optkey|placement|s1agid|s1aid|s1cid|segment|utm_source,___|Wyatt Gardener|Low-cost carriers|MVNOs|family plans|restrict background data usage|typically $5 to $10 per month|About Us|Contact|Terms of Use|Privacy Policy|Do not Sell my Info|Discounted Phones for Seniors 60 and Older October 2025|Discounted Phones for Seniors 60 and Older Near Me|Best Family Cell Phone Plans with Free Phones|Discounted Phone for Seniors 60 and Older|Discounted Phones for Seniors 60 and Older|Best Discounted Phones for Seniors 60 and Older,forcekeyC:discounted phones for seniors 60 and older|forcekeyD:discounted phones for seniors 60,1
YWRfaWR8ZmJj,,ad_id|fbclick|fbid|forcekeyA|forcekeyB|forcekeyC|forcekeyD|forcekeyE|headline|imp|is_pub_ref|optkey|placement|s1agid|s1aid|s1cid|segment|utm_source,___|Wyatt Gardener|Low-cost carriers|MVNOs|family plans|restrict background data usage|typically $5 to $10 per month|About Us|Contact|Terms of Use|Privacy Policy|Do not Sell my Info|I Phone|Cheapest Phone Plans for One Person|Cheapest Cell Phone Service with Unlimited Data|Discounted Phones for Seniors 60 and Older|Discounted Phones for Seniors 60|Best Family Cell Phone Plans with Free Phones,forcekeyC:discounted phones for seniors 60 and older|forcekeyD:discounted phones for seniors 60,1
YWRfaWR8ZmJj,,ad_id|fbclick|fbid|forcekeyA|forcekeyB|forcekeyC|forcekeyD|forcekeyE|headline|imp|is_pub_ref|optkey|placement|s1agid|s1aid|s1cid|segment|utm_source,___|Wyatt Gardener|Low-cost carriers|MVNOs|family plans|restrict background data usage|typically $5 to $10 per month|About Us|Contact|Terms of Use|Privacy Policy|Do not Sell my Info|Best Family Cell Phone Plans with Free Phones|Get Discounted Senior Phone Plans|Best Discounted Senior Phone Plans|Discounted Phones for Seniors 60|Discounted Phones for Seniors 60 and Older|Discounted Senior Phone Plans,forcekeyA:discounted senior phone plans|forcekeyB:get discounted senior phone plans|forcekeyC:discounted phones for seniors 60 and older|forcekeyD:discounted phones for seniors 60|forcekeyE:best discounted senior phone plans,1
YWRfaWR8ZmJj,,ad_id|fbclick|fbid|forcekeyA|forcekeyB|forcekeyC|forcekeyD|forcekeyE|headline|imp|is_pub_ref|optkey|placement|s1agid|s1aid|s1cid|segment|utm_source,___|Wyatt Gardener|Low-cost carriers|MVNOs|family plans|restrict background data usage|typically $5 to $10 per month|About Us|Contact|Terms of Use|Privacy Policy|Do not Sell my Info|Phone and Internet Deals for Seniors|Best Family Cell Phone Plans with Free Phones|Discounted Phones for Seniors 60|Free Phone for Seniors|See Free Phones for Seniors|Discounted Phones for Seniors 60 and Older,forcekeyC:discounted phones for seniors 60 and older|forcekeyD:discounted phones for seniors 60,1
forcekeyA:Assist Me in Getting a House|forcekeyC:Assist Me in Getting a House by 2025,ad_id|fbclick|fbid|forcekeyA|forcekeyB|forcekeyC|forcekeyD|forcekeyE|headline|imp|is_pub_ref|optkey|placement|s1agid|s1aid|s1cid|segment|utm_source,,,___|Ryan Pauls|préstamos FHA|préstamos del USDA|Compromiso Comunitario de Propiedad de Vivienda de Bank of America|Programa de Propiedad de Vivienda con Vales de Elección de Vivienda|programas de asistencia para compradores de vivienda|About Us|Contact|Terms of Use|Privacy Policy|Do not Sell my Info|Programas de Ayuda para Pagar la Renta en California|Assist Me in Getting a House by 2025|Assist Me in Getting a House|Help Me Get a House in California by 2025|Help Me Get a House in California in 2025|Ayuda para Primeros Compradores de Casa en California,3
forcekeyA:Assist Me in Getting a House|forcekeyC:Assist Me in Getting a House by 2025,ad_id|fbclick|fbid|forcekeyA|forcekeyB|forcekeyC|forcekeyD|forcekeyE|headline|imp|is_pub_ref|optkey|placement|s1agid|s1aid|s1cid|segment|utm_source,,,___|Ryan Pauls|préstamos FHA|préstamos del USDA|Compromiso Comunitario de Propiedad de Vivienda de Bank of America|Programa de Propiedad de Vivienda con Vales de Elección de Vivienda|programas de asistencia para compradores de vivienda|About Us|Contact|Terms of Use|Privacy Policy|Do not Sell my Info|Ayuda para Comprar Casa en Houston Tx|Ayuda para Comprar Casa por Primera Vez en Kissimmee|Assist Me in Getting a House by 2025|Help Me Get a House in California by 2025|Help Me Get a House in California in 2025|Ayuda para Comprar Casa por Primera Vez en Houston Tx,1
forcekeyA:Assist Me in Getting a House|forcekeyC:Assist Me in Getting a House by 2025|forcekeyE:Assist Me in Getting a House in 2025,ad_id|fbclick|fbid|forcekeyA|forcekeyB|forcekeyC|forcekeyD|forcekeyE|headline|imp|is_pub_ref|optkey|placement|s1agid|s1aid|s1cid|segment|utm_source,,,___|Ryan Pauls|préstamos FHA|préstamos del USDA|Compromiso Comunitario de Propiedad de Vivienda de Bank of America|Programa de Propiedad de Vivienda con Vales de Elección de Vivienda|programas de asistencia para compradores de vivienda|About Us|Contact|Terms of Use|Privacy Policy|Do not Sell my Info|Assist Me in Getting a House by 2025|Ayuda para Comprar Casa por Primera Vez en Houston Tx|Assist Me in Getting a House in 2025|Help Me Get a House in California by 2025|Help Me Get a House in California in 2025|Ayuda para Primeros Compradores de Casa en California,1
forcekeyA:Assist Me in Getting a House|forcekeyC:Assist Me in Getting a House by 2025,ad_id|fbclick|fbid|forcekeyA|forcekeyB|forcekeyC|forcekeyD|forcekeyE|headline|imp|is_pub_ref|optkey|placement|s1agid|s1aid|s1cid|segment|utm_source,,,___|Ryan Pauls|préstamos FHA|préstamos del USDA|Compromiso Comunitario de Propiedad de Vivienda de Bank of America|Programa de Propiedad de Vivienda con Vales de Elección de Vivienda|programas de asistencia para compradores de vivienda|About Us|Contact|Terms of Use|Privacy Policy|Do not Sell my Info|Necesito Ayuda para Remodelar Mi Casa|Ayuda para Pagar Mi Casa|Assist Me in Getting a House by 2025|Help Me Get a House in California by 2025|Help Me Get a House in California in 2025|Ayuda para Primeros Compradores de Casa en California,2
forcekeyA:Assist Me in Getting a House|forcekeyC:Assist Me in Getting a House by 2025|forcekeyE:Assist Me in Getting a House in 2025,ad_id|fbclick|fbid|forcekeyA|forcekeyB|forcekeyC|forcekeyD|forcekeyE|headline|imp|is_pub_ref|optkey|placement|s1agid|s1aid|s1cid|segment|utm_source,,,___|Ryan Pauls|préstamos FHA|préstamos del USDA|Compromiso Comunitario de Propiedad de Vivienda de Bank of America|Programa de Propiedad de Vivienda con Vales de Elección de Vivienda|programas de asistencia para compradores de vivienda|About Us|Contact|Terms of Use|Privacy Policy|Do not Sell my Info|Assist Me in Getting a House by 2025|Assist Me in Getting a House in 2025|Assist Me in Getting a House|Help Me Get a House in California by 2025|Help Me Get a House in California in 2025|Ayuda para Primeros Compradores de Casa en California,1
forcekeyA:Assist Me in Getting a House|forcekeyC:Assist Me in Getting a House by 2025,ad_id|fbclick|fbid|forcekeyA|forcekeyB|forcekeyC|forcekeyD|forcekeyE|headline|imp|is_pub_ref|optkey|placement|s1agid|s1aid|s1cid|segment|utm_source,,,___|Ryan Pauls|préstamos FHA|préstamos del USDA|Compromiso Comunitario de Propiedad de Vivienda de Bank of America|Programa de Propiedad de Vivienda con Vales de Elección de Vivienda|programas de asistencia para compradores de vivienda|About Us|Contact|Terms of Use|Privacy Policy|Do not Sell my Info|Ayuda para Primeros Compradores de Casa en California|Assist Me in Getting a House|Aplicacion para Housing en Espanol|Help Me Get a House in California by 2025|Help Me Get a House in California in 2025|Assist Me in Getting a House by 2025,1
YWRfaWR8ZmJj,,ad_id|fbclick|fbid|forcekeyA|forcekeyB|forcekeyC|forcekeyD|forcekeyE|headline|imp|is_pub_ref|optkey|placement|s1agid|s1aid|s1cid|segment|utm_source,___|Ryan Pauls|membership programs and discounts|between $300 and $600|About Us|Contact|Terms of Use|Privacy Policy|Do not Sell my Info|See $119 Botox Doctor Near Me Full Botox|$119 Botox Doctor Near Me Full Botox|Affordable Botox Near Me|Get $119 Botox Doctor Near Me Full Botox|Must-see $119 Botox Doctor Near Me Full Botox|Find $119 Botox Doctor Near Me Full Botox,forcekeyA:get $119 botox doctor near me full botox|forcekeyB:$119 botox doctor near me full botox|forcekeyC:see $119 botox doctor near me full botox|forcekeyD:find $119 botox doctor near me full botox|forcekeyE:must-see $119 botox doctor near me full botox,1
YWRfaWR8ZmJj,,ad_id|fbclick|fbid|forcekeyA|forcekeyB|forcekeyC|forcekeyD|forcekeyE|headline|imp|is_pub_ref|optkey|placement|s1agid|s1aid|s1cid|segment|utm_source,___|Ryan Pauls|membership programs and discounts|between $300 and $600|About Us|Contact|Terms of Use|Privacy Policy|Do not Sell my Info|See $119 Botox Doctor Near Me Full Botox|$119 Botox Doctor Near Me Full Botox|Botox 3 Areas for 150 Near Me|Must-see $119 Botox Doctor Near Me Full Botox|Find $119 Botox Doctor Near Me Full Botox|Get $119 Botox Doctor Near Me Full Botox,forcekeyA:get $119 botox doctor near me full botox|forcekeyB:$119 botox doctor near me full botox|forcekeyC:see $119 botox doctor near me full botox|forcekeyD:find $119 botox doctor near me full botox|forcekeyE:must-see $119 botox doctor near me full botox,2
YWRfaWR8ZmJj,,ad_id|fbclick|fbid|forcekeyA|forcekeyB|forcekeyC|forcekeyD|forcekeyE|headline|imp|is_pub_ref|optkey|placement|s1agid|s1aid|s1cid|segment|utm_source,___|Ryan Pauls|membership programs and discounts|between $300 and $600|About Us|Contact|Terms of Use|Privacy Policy|Do not Sell my Info|Find $119 Botox Doctor Near Me Full Botox|$119 Botox Doctor Near Me Full Botox|Affordable Botox Near Me|Get $119 Botox Doctor Near Me Full Botox|See $119 Botox Doctor Near Me Full Botox|Must-see $119 Botox Doctor Near Me Full Botox,forcekeyA:get $119 botox doctor near me full botox|forcekeyB:$119 botox doctor near me full botox|forcekeyC:see $119 botox doctor near me full botox|forcekeyD:find $119 botox doctor near me full botox|forcekeyE:must-see $119 botox doctor near me full botox,1
YWRfaWR8ZmJj,,ad_id|fbclick|fbid|forcekeyA|forcekeyB|forcekeyC|forcekeyD|forcekeyE|headline|imp|is_pub_ref|optkey|placement|s1agid|s1aid|s1cid|segment|utm_source,___|Ryan Pauls|membership programs and discounts|between $300 and $600|About Us|Contact|Terms of Use|Privacy Policy|Do not Sell my Info|$119 Botox Doctor Near Me Full Botox|Must-see $119 Botox Doctor Near Me Full Botox|Affordable Botox Near Me|Get $119 Botox Doctor Near Me Full Botox|See $119 Botox Doctor Near Me Full Botox|Find $119 Botox Doctor Near Me Full Botox,forcekeyA:get $119 botox doctor near me full botox|forcekeyB:$119 botox doctor near me full botox|forcekeyC:see $119 botox doctor near me full botox|forcekeyD:find $119 botox doctor near me full botox|forcekeyE:must-see $119 botox doctor near me full botox,2
YWRfaWR8ZmJj,,ad_id|fbclick|fbid|forcekeyA|forcekeyB|forcekeyC|forcekeyD|forcekeyE|headline|imp|is_pub_ref|optkey|placement|s1agid|s1aid|s1cid|segment|utm_source,___|Ryan Pauls|membership programs and discounts|between $300 and $600|About Us|Contact|Terms of Use|Privacy Policy|Do not Sell my Info|Must-see $119 Botox Doctor Near Me Full Botox|$119 Botox Doctor Near Me Full Botox|Botox 3 Areas for 150 Near Me|Get $119 Botox Doctor Near Me Full Botox|Find $119 Botox Doctor Near Me Full Botox|See $119 Botox Doctor Near Me Full Botox,forcekeyA:get $119 botox doctor near me full botox|forcekeyB:$119 botox doctor near me full botox|forcekeyC:see $119 botox doctor near me full botox|forcekeyD:find $119 botox doctor near me full botox|forcekeyE:must-see $119 botox doctor near me full botox,1
YWRfaWR8ZmJj,,ad_id|fbclick|fbid|forcekeyA|forcekeyB|forcekeyC|forcekeyD|forcekeyE|headline|imp|is_pub_ref|optkey|placement|s1agid|s1aid|s1cid|segment|utm_source,___|Ryan Pauls|membership programs and discounts|between $300 and $600|About Us|Contact|Terms of Use|Privacy Policy|Do not Sell my Info|See $119 Botox Doctor Near Me Full Botox|$119 Botox Doctor Near Me Full Botox|Best Botox Injector Near Me|Get $119 Botox Doctor Near Me Full Botox|Find $119 Botox Doctor Near Me Full Botox|Must-see $119 Botox Doctor Near Me Full Botox,forcekeyA:get $119 botox doctor near me full botox|forcekeyB:$119 botox doctor near me full botox|forcekeyC:see $119 botox doctor near me full botox|forcekeyD:find $119 botox doctor near me full botox|forcekeyE:must-see $119 botox doctor near me full botox,1
forcekeyA:tree cutting service for $49 near my zipcode|forcekeyB:tree cutting services for $49 near my zipcode|forcekeyC:tree cutting service near my zipcode for $49|forcekeyD:tree cutting services near my zipcode for $49|forcekeyE:tree cutting service for $49 near me,ad_id|fbclick|fbid|forcekeyA|forcekeyB|forcekeyC|forcekeyD|forcekeyE|headline|imp|is_pub_ref|optkey|placement|s1agid|s1aid|s1cid|segment|utm_source,,,___|Kaili Bell|shop around and get multiple quotes|by hundreds of dollars|companies offer discounts|About Us|Contact|Terms of Use|Privacy Policy|Do not Sell my Info|Tree Cutting Service Near My Zipcode for $49|Tree Cutting Service for $49 Near Me|Tree Removal Near Me|Tree Cutting Services for $49 Near My Zipcode|Tree Cutting Service for $49 Near My Zipcode|Tree Cutting Services Near My Zipcode for $49,1
forcekeyA:tree cutting service for $49 near my zipcode|forcekeyB:tree cutting services for $49 near my zipcode|forcekeyC:tree cutting service near my zipcode for $49|forcekeyD:tree cutting services near my zipcode for $49|forcekeyE:tree cutting service for $49 near me,ad_id|fbclick|fbid|forcekeyA|forcekeyB|forcekeyC|forcekeyD|forcekeyE|headline|imp|is_pub_ref|optkey|placement|s1agid|s1aid|s1cid|segment|utm_source,,,___|Kaili Bell|shop around and get multiple quotes|by hundreds of dollars|companies offer discounts|About Us|Contact|Terms of Use|Privacy Policy|Do not Sell my Info|Tree Cutting Service for $49 Near My Zipcode|Tree Cutting Service Near My Zipcode for $49|Tree Removal Near Me|Tree Cutting Services for $49 Near My Zipcode|Tree Cutting Service for $49 Near Me|Tree Cutting Services Near My Zipcode for $49,1
YWRfaWR8ZmJj,,ad_id|fbclick|fbid|forcekeyA|forcekeyB|forcekeyC|forcekeyD|forcekeyE|headline|imp|is_pub_ref|optkey|placement|s1agid|s1aid|s1cid|segment|utm_source,___|Ryan Pauls|several advantages|Apartments.com|SeniorHousingNet.com|APlaceForMom.com|former Briarwood College campus|215 affordable housing units|personal needs and preferences|different amenities|About Us|Contact|Terms of Use|Privacy Policy|Do not Sell my Info|Must-see Senior Living Options for $249/month|Must See Senior Living Options for $249/month|Senior Apartments in Northridge|Find Senior Living Options for $249/month|Senior Living Options for $249/month|See Senior Living Options for $249/month,forcekeyA:Senior Living Options for $249/month|forcekeyB:see Senior Living Options for $249/month|forcekeyC:find Senior Living Options for $249/month|forcekeyD:must see Senior Living Options for $249/month|forcekeyE:must-see Senior Living Options for $249/month,2
YWRfaWR8ZmJj,,ad_id|fbclick|fbid|forcekeyA|forcekeyB|forcekeyC|forcekeyD|forcekeyE|headline|imp|is_pub_ref|optkey|placement|s1agid|s1aid|s1cid|segment|utm_source,___|Ryan Pauls|several advantages|Apartments.com|SeniorHousingNet.com|APlaceForMom.com|former Briarwood College campus|215 affordable housing units|personal needs and preferences|different amenities|About Us|Contact|Terms of Use|Privacy Policy|Do not Sell my Info|Must See Senior Living Options for $249/month|Must-see Senior Living Options for $249/month|Senior Independent Living Nearby|Find Senior Living Options for $249/month|Senior Living Options for $249/month|See Senior Living Options for $249/month,forcekeyA:Senior Living Options for $249/month|forcekeyB:see Senior Living Options for $249/month|forcekeyC:find Senior Living Options for $249/month|forcekeyD:must see Senior Living Options for $249/month|forcekeyE:must-see Senior Living Options for $249/month,3
YWRfaWR8ZmJj,,ad_id|fbclick|fbid|forcekeyA|forcekeyB|forcekeyC|forcekeyD|forcekeyE|headline|imp|is_pub_ref|optkey|placement|s1agid|s1aid|s1cid|segment|utm_source,___|Ryan Pauls|several advantages|Apartments.com|SeniorHousingNet.com|APlaceForMom.com|former Briarwood College campus|215 affordable housing units|personal needs and preferences|different amenities|About Us|Contact|Terms of Use|Privacy Policy|Do not Sell my Info|Must See Senior Living Options for $249/month|Must-see Senior Living Options for $249/month|Senior Independent Living Nearby|Senior Living Options for $249/month|Find Senior Living Options for $249/month|See Senior Living Options for $249/month,forcekeyA:Senior Living Options for $249/month|forcekeyB:see Senior Living Options for $249/month|forcekeyC:find Senior Living Options for $249/month|forcekeyD:must see Senior Living Options for $249/month|forcekeyE:must-see Senior Living Options for $249/month,3
YWRfaWR8ZmJj,,ad_id|fbclick|fbid|forcekeyA|forcekeyB|forcekeyC|forcekeyD|forcekeyE|headline|imp|is_pub_ref|optkey|placement|s1agid|s1aid|s1cid|segment|utm_source,___|Ryan Pauls|several advantages|Apartments.com|SeniorHousingNet.com|APlaceForMom.com|former Briarwood College campus|215 affordable housing units|personal needs and preferences|different amenities|About Us|Contact|Terms of Use|Privacy Policy|Do not Sell my Info|Senior Independent Living Nearby|Must See Senior Living Options for $249/month|Must-see Senior Living Options for $249/month|Senior Living Options for $249/month|Find Senior Living Options for $249/month|See Senior Living Options for $249/month,forcekeyA:Senior Living Options for $249/month|forcekeyB:see Senior Living Options for $249/month|forcekeyC:find Senior Living Options for $249/month|forcekeyD:must see Senior Living Options for $249/month|forcekeyE:must-see Senior Living Options for $249/month,1
YWRfaWR8ZmJj,,ad_id|fbclick|fbid|forcekeyA|forcekeyB|forcekeyC|forcekeyD|forcekeyE|headline|imp|is_pub_ref|optkey|placement|s1agid|s1aid|s1cid|segment|utm_source,___|Ryan Pauls|several advantages|Apartments.com|SeniorHousingNet.com|APlaceForMom.com|former Briarwood College campus|215 affordable housing units|personal needs and preferences|different amenities|About Us|Contact|Terms of Use|Privacy Policy|Do not Sell my Info|Senior Independent Living Nearby|Must See Senior Living Options for $249/month|Must-see Senior Living Options for $249/month|Find Senior Living Options for $249/month|Senior Living Options for $249/month|See Senior Living Options for $249/month,forcekeyA:Senior Living Options for $249/month|forcekeyB:see Senior Living Options for $249/month|forcekeyC:find Senior Living Options for $249/month|forcekeyD:must see Senior Living Options for $249/month|forcekeyE:must-see Senior Living Options for $249/month,5
YWRfaWR8ZmJj,,ad_id|fbclick|fbid|forcekeyA|forcekeyB|forcekeyC|forcekeyD|forcekeyE|headline|imp|is_pub_ref|optkey|placement|s1agid|s1aid|s1cid|segment|utm_source,___|Ryan Pauls|several advantages|Apartments.com|SeniorHousingNet.com|APlaceForMom.com|former Briarwood College campus|215 affordable housing units|personal needs and preferences|different amenities|About Us|Contact|Terms of Use|Privacy Policy|Do not Sell my Info|See Senior Living Options for $249/month|Must-see Senior Living Options for $249/month|Santa Monica New Hope Apartments|Senior Living Options for $249/month|Find Senior Living Options for $249/month|Must See Senior Living Options for $249/month,forcekeyA:Senior Living Options for $249/month|forcekeyB:see Senior Living Options for $249/month|forcekeyC:find Senior Living Options for $249/month|forcekeyD:must see Senior Living Options for $249/month|forcekeyE:must-see Senior Living Options for $249/month,1
YWRfaWR8ZmJj,,ad_id|fbclick|fbid|forcekeyA|forcekeyB|forcekeyC|forcekeyD|forcekeyE|headline|imp|is_pub_ref|optkey|placement|s1agid|s1aid|s1cid|segment|utm_source,___|Ryan Pauls|several advantages|Apartments.com|SeniorHousingNet.com|APlaceForMom.com|former Briarwood College campus|215 affordable housing units|personal needs and preferences|different amenities|About Us|Contact|Terms of Use|Privacy Policy|Do not Sell my Info|Must See Senior Living Options for $249/month|Must-see Senior Living Options for $249/month|New Apartments Nearby|Find Senior Living Options for $249/month|Senior Living Options for $249/month|See Senior Living Options for $249/month,forcekeyA:Senior Living Options for $249/month|forcekeyB:see Senior Living Options for $249/month|forcekeyC:find Senior Living Options for $249/month|forcekeyD:must see Senior Living Options for $249/month|forcekeyE:must-see Senior Living Options for $249/month,1
YWRfaWR8ZmJj,,ad_id|fbclick|fbid|forcekeyA|forcekeyB|forcekeyC|forcekeyD|forcekeyE|headline|imp|is_pub_ref|optkey|placement|s1agid|s1aid|s1cid|segment|utm_source,___|Ryan Pauls|several advantages|Apartments.com|SeniorHousingNet.com|APlaceForMom.com|former Briarwood College campus|215 affordable housing units|personal needs and preferences|different amenities|About Us|Contact|Terms of Use|Privacy Policy|Do not Sell my Info|Must See Senior Living Options for $249/month|Must-see Senior Living Options for $249/month|Best 55+ Communities in Florida|Senior Living Options for $249/month|Find Senior Living Options for $249/month|See Senior Living Options for $249/month,forcekeyA:Senior Living Options for $249/month|forcekeyB:see Senior Living Options for $249/month|forcekeyC:find Senior Living Options for $249/month|forcekeyD:must see Senior Living Options for $249/month|forcekeyE:must-see Senior Living Options for $249/month,1
YWRfaWR8ZmJj,,ad_id|fbclick|fbid|forcekeyA|forcekeyB|forcekeyC|forcekeyD|forcekeyE|headline|imp|is_pub_ref|optkey|placement|s1agid|s1aid|s1cid|segment|utm_source,___|Ryan Pauls|several advantages|Apartments.com|SeniorHousingNet.com|APlaceForMom.com|former Briarwood College campus|215 affordable housing units|personal needs and preferences|different amenities|About Us|Contact|Terms of Use|Privacy Policy|Do not Sell my Info|Must See Senior Living Options for $249/month|See Senior Living Options for $249/month|How to Apply for Senior Housing in California|Find Senior Living Options for $249/month|Senior Living Options for $249/month|Must-see Senior Living Options for $249/month,forcekeyA:Senior Living Options for $249/month|forcekeyB:see Senior Living Options for $249/month|forcekeyC:find Senior Living Options for $249/month|forcekeyD:must see Senior Living Options for $249/month|forcekeyE:must-see Senior Living Options for $249/month,1
YWRfaWR8ZmJj,,ad_id|fbclick|fbid|forcekeyA|forcekeyB|forcekeyC|forcekeyD|forcekeyE|headline|imp|is_pub_ref|optkey|placement|s1agid|s1aid|s1cid|segment|utm_source,___|Ryan Pauls|membership programs and discounts|between $300 and $600|About Us|Contact|Terms of Use|Privacy Policy|Do not Sell my Info|Get $119 Botox Doctor Near Me Full Botox|$119 Botox Doctor Near Me Full Botox|Botox 3 Areas for 150 Near Me|Find $119 Botox Doctor Near Me Full Botox|See $119 Botox Doctor Near Me Full Botox|Must-see $119 Botox Doctor Near Me Full Botox,forcekeyA:get $119 botox doctor near me full botox|forcekeyB:$119 botox doctor near me full botox|forcekeyC:see $119 botox doctor near me full botox|forcekeyD:find $119 botox doctor near me full botox|forcekeyE:must-see $119 botox doctor near me full botox,1
YWRfaWR8ZmJj,,ad_id|fbclick|fbid|forcekeyA|forcekeyB|forcekeyC|forcekeyD|forcekeyE|headline|imp|is_pub_ref|optkey|placement|s1agid|s1aid|s1cid|segment|utm_source,___|Ryan Pauls|membership programs and discounts|between $300 and $600|About Us|Contact|Terms of Use|Privacy Policy|Do not Sell my Info|Must-see $119 Botox Doctor Near Me Full Botox|$119 Botox Doctor Near Me Full Botox|Best Botox Injector Near Me|Get $119 Botox Doctor Near Me Full Botox|Find $119 Botox Doctor Near Me Full Botox|See $119 Botox Doctor Near Me Full Botox,forcekeyA:get $119 botox doctor near me full botox|forcekeyB:$119 botox doctor near me full botox|forcekeyC:see $119 botox doctor near me full botox|forcekeyD:find $119 botox doctor near me full botox|forcekeyE:must-see $119 botox doctor near me full botox,2
YWRfaWR8ZmJj,,ad_id|fbclick|fbid|forcekeyA|forcekeyB|forcekeyC|forcekeyD|forcekeyE|headline|imp|is_pub_ref|optkey|placement|s1agid|s1aid|s1cid|segment|utm_source,___|Ryan Pauls|membership programs and discounts|between $300 and $600|About Us|Contact|Terms of Use|Privacy Policy|Do not Sell my Info|See $119 Botox Doctor Near Me Full Botox|$119 Botox Doctor Near Me Full Botox|Best Botox Injector Near Me|Find $119 Botox Doctor Near Me Full Botox|Get $119 Botox Doctor Near Me Full Botox|Must-see $119 Botox Doctor Near Me Full Botox,forcekeyA:get $119 botox doctor near me full botox|forcekeyB:$119 botox doctor near me full botox|forcekeyC:see $119 botox doctor near me full botox|forcekeyD:find $119 botox doctor near me full botox|forcekeyE:must-see $119 botox doctor near me full botox,2
YWRfaWR8ZmJj,,ad_id|fbclick|fbid|forcekeyA|forcekeyB|forcekeyC|forcekeyD|forcekeyE|headline|imp|is_pub_ref|optkey|placement|s1agid|s1aid|s1cid|segment|utm_source,___|Ryan Pauls|membership programs and discounts|between $300 and $600|About Us|Contact|Terms of Use|Privacy Policy|Do not Sell my Info|Must-see $119 Botox Doctor Near Me Full Botox|$119 Botox Doctor Near Me Full Botox|Affordable Botox Near Me|Get $119 Botox Doctor Near Me Full Botox|Find $119 Botox Doctor Near Me Full Botox|See $119 Botox Doctor Near Me Full Botox,forcekeyA:get $119 botox doctor near me full botox|forcekeyB:$119 botox doctor near me full botox|forcekeyC:see $119 botox doctor near me full botox|forcekeyD:find $119 botox doctor near me full botox|forcekeyE:must-see $119 botox doctor near me full botox,1
YWRfaWR8ZmJj,,ad_id|fbclick|fbid|forcekeyA|forcekeyB|forcekeyC|forcekeyD|forcekeyE|headline|imp|is_pub_ref|optkey|placement|s1agid|s1aid|s1cid|segment|utm_source,___|Ryan Pauls|préstamos FHA|préstamos del USDA|Compromiso Comunitario de Propiedad de Vivienda de Bank of America|Programa de Propiedad de Vivienda con Vales de Elección de Vivienda|programas de asistencia para compradores de vivienda|About Us|Contact|Terms of Use|Privacy Policy|Do not Sell my Info|Help Me Get a House in 2025|Help Me Get a House|Buying a House for Cash|Help Me Get a House in California by 2025|Help Me Get a House in los Angeles|Buying a House Cash in California,forcekeyA:Help me get a house|forcekeyD:Help me get a house in 2025,1
YWRfaWR8ZmJj,,ad_id|fbclick|fbid|forcekeyA|forcekeyB|forcekeyC|forcekeyD|forcekeyE|headline|imp|is_pub_ref|optkey|placement|s1agid|s1aid|s1cid|segment|utm_source,___|Ryan Pauls|préstamos FHA|préstamos del USDA|Compromiso Comunitario de Propiedad de Vivienda de Bank of America|Programa de Propiedad de Vivienda con Vales de Elección de Vivienda|programas de asistencia para compradores de vivienda|About Us|Contact|Terms of Use|Privacy Policy|Do not Sell my Info|Affordable Housing Programs in California|Bajaran las Casas en 2019 en California|Como Comprar Casa Sin Down Payment|Help Me Get a House in California by 2025|First-time Homebuyer Assistance in los Angeles|Ayuda para Primeros Compradores de Casa en California,forcekeyA:Help me get a house,1
YWRfaWR8ZmJj,,ad_id|fbclick|fbid|forcekeyA|forcekeyB|forcekeyC|forcekeyD|forcekeyE|headline|imp|is_pub_ref|optkey|placement|s1agid|s1aid|s1cid|segment|utm_source,___|Ryan Pauls|préstamos FHA|préstamos del USDA|Compromiso Comunitario de Propiedad de Vivienda de Bank of America|Programa de Propiedad de Vivienda con Vales de Elección de Vivienda|programas de asistencia para compradores de vivienda|About Us|Contact|Terms of Use|Privacy Policy|Do not Sell my Info|Ayuda para Primeros Compradores de Casa en California|Como Comprar una Casa Sin Dinero|Como Comprar Casa Sin Down Payment|Help Me Get a House in California by 2025|First-time Homebuyer Assistance in los Angeles|Affordable Housing Programs in California,forcekeyA:Help me get a house,2
YWRfaWR8ZmJj,,ad_id|fbclick|fbid|forcekeyA|forcekeyB|forcekeyC|forcekeyD|forcekeyE|headline|imp|is_pub_ref|optkey|placement|s1agid|s1aid|s1cid|segment|utm_source,___|Chris Baker|affordable option|Hinds Community College and Rasmussen University|PracticalNursing.org|Top Affordable LPN Programs|Affordable Online LPN Options|Rasmussen University’s Practical Nursing Program|Comprehensive LPN Guides and Resources|Guidance on Affordable LPN Programs|About Us|Contact|Terms of Use|Privacy Policy|Do not Sell my Info|Paid Lpn Training|Free Lpn Classes|3 Weeks Lpn Online Course ca Approved|3 Weeks Lpn Online Course los Angeles Approved|Become an Lpn in 3 Weeks los Angeles Approved|Free Lpn Training in Florida,,1
YWRfaWR8ZmJj,,ad_id|fbclick|fbid|forcekeyA|forcekeyB|forcekeyC|forcekeyD|forcekeyE|headline|imp|is_pub_ref|optkey|placement|s1agid|s1aid|s1cid|segment|utm_source,___|Chris Baker|affordable option|Hinds Community College and Rasmussen University|PracticalNursing.org|Top Affordable LPN Programs|Affordable Online LPN Options|Rasmussen University’s Practical Nursing Program|Comprehensive LPN Guides and Resources|Guidance on Affordable LPN Programs|About Us|Contact|Terms of Use|Privacy Policy|Do not Sell my Info|Paid Lpn Training|Free Lpn Training in Florida|3 Weeks Lpn Online Course ca Approved|Become an Lpn in 3 Weeks los Angeles Approved|3 Weeks Lpn Online Course los Angeles Approved|Become an Lpn in 3 Weeks ca Approved,,1
YWRfaWR8ZmJj,,ad_id|fbclick|fbid|forcekeyA|forcekeyB|forcekeyC|forcekeyD|forcekeyE|headline|imp|is_pub_ref|optkey|placement|s1agid|s1aid|s1cid|segment|utm_source,___|Chris Baker|affordable option|Hinds Community College and Rasmussen University|PracticalNursing.org|Top Affordable LPN Programs|Affordable Online LPN Options|Rasmussen University’s Practical Nursing Program|Comprehensive LPN Guides and Resources|Guidance on Affordable LPN Programs|About Us|Contact|Terms of Use|Privacy Policy|Do not Sell my Info|3 Weeks Lpn Online Course ca Approved|Free Lpn Programs in Pa|Government-funded Lpn Education|Become an Lpn in 3 Weeks los Angeles Approved|3 Weeks Lpn Online Course los Angeles Approved|Become an Lpn in 3 Weeks ca Approved,forcekeyC:government-funded lpn education,1
YWRfaWR8ZmJj,,ad_id|fbclick|fbid|forcekeyA|forcekeyB|forcekeyC|forcekeyD|forcekeyE|headline|imp|is_pub_ref|optkey|placement|s1agid|s1aid|s1cid|segment|utm_source,___|Chris Baker|affordable option|Hinds Community College and Rasmussen University|PracticalNursing.org|Top Affordable LPN Programs|Affordable Online LPN Options|Rasmussen University’s Practical Nursing Program|Comprehensive LPN Guides and Resources|Guidance on Affordable LPN Programs|About Us|Contact|Terms of Use|Privacy Policy|Do not Sell my Info|3 Weeks Lpn Online Course ca Approved|Free Lpn Classes|Government-funded Lpn Education|Become an Lpn in 3 Weeks los Angeles Approved|3 Weeks Lpn Online Course los Angeles Approved|Become an Lpn in 3 Weeks ca Approved,forcekeyC:government-funded lpn education,1
YWRfaWR8ZmJj,,ad_id|fbclick|fbid|forcekeyA|forcekeyB|forcekeyC|forcekeyD|forcekeyE|headline|imp|is_pub_ref|optkey|placement|s1agid|s1aid|s1cid|segment|utm_source,___|Ryan Pauls|membership programs and discounts|between $300 and $600|About Us|Contact|Terms of Use|Privacy Policy|Do not Sell my Info|Get $149 Botox Doctors Near Me Full Botox|Best $149 Botox Doctor Near Me Full Botox|Botox 3 Areas for 150 Near Me|Get $149 Botox Doctor in los Angeles Near Me Full Botox|Get $149 Botox Doctor Near Me Full Botox October 2025|Get $149 Botox Doctor Near Me Full Botox,forcekeyA:Get $149 Botox Doctor Near Me Full Botox|forcekeyB:$149 Botox Doctor Near Me Full Botox,1
YWRfaWR8ZmJj,,ad_id|fbclick|fbid|forcekeyA|forcekeyB|forcekeyC|forcekeyD|forcekeyE|headline|imp|is_pub_ref|optkey|placement|s1agid|s1aid|s1cid|segment|utm_source,___|Ryan Pauls|membership programs and discounts|between $300 and $600|About Us|Contact|Terms of Use|Privacy Policy|Do not Sell my Info|Botox 3 Areas for 150 Near Me|Affordable Botox Near Me|Botox After 65|Get $119 Botox Doctor Near Me Full Botox|Find $119 Botox Doctor Near Me Full Botox|Get $149 Botox Doctor Near Me Full Botox,forcekeyA:Get $149 Botox Doctor Near Me Full Botox|forcekeyB:$149 Botox Doctor Near Me Full Botox,1
YWRfaWR8ZmJj,,ad_id|fbclick|fbid|forcekeyA|forcekeyB|forcekeyC|forcekeyD|forcekeyE|headline|imp|is_pub_ref|optkey|placement|s1agid|s1aid|s1cid|segment|utm_source,___|Ryan Pauls|membership programs and discounts|between $300 and $600|About Us|Contact|Terms of Use|Privacy Policy|Do not Sell my Info|Get $149 Botox Doctor Near Me Full Botox|Best $149 Botox Doctor Near Me Full Botox|Affordable Botox Near Me|Get $149 Botox Doctor Near Me Full Botox October 2025|Get $149 Botox Doctor in los Angeles Near Me Full Botox|Get $149 Botox Doctors Near Me Full Botox,forcekeyA:Get $149 Botox Doctor Near Me Full Botox|forcekeyB:$149 Botox Doctor Near Me Full Botox,1
YWRfaWR8ZmJj,,ad_id|fbclick|fbid|forcekeyA|forcekeyB|forcekeyC|forcekeyD|forcekeyE|headline|imp|is_pub_ref|optkey|placement|s1agid|s1aid|s1cid|segment|utm_source,___|Ryan Pauls|membership programs and discounts|between $300 and $600|About Us|Contact|Terms of Use|Privacy Policy|Do not Sell my Info|Get $149 Botox Doctor in los Angeles Near Me Full Botox|Best $149 Botox Doctor Near Me Full Botox|Affordable Botox Near Me|Get $149 Botox Doctor Near Me Full Botox October 2025|Get $149 Botox Doctor Near Me Full Botox|Get $149 Botox Doctors Near Me Full Botox,forcekeyA:Get $149 Botox Doctor Near Me Full Botox|forcekeyB:$149 Botox Doctor Near Me Full Botox,1
YWRfaWR8ZmJj,,ad_id|fbclick|fbid|forcekeyA|forcekeyB|forcekeyC|forcekeyD|forcekeyE|headline|imp|is_pub_ref|optkey|placement|s1agid|s1aid|s1cid|segment|utm_source,___|Ryan Pauls|membership programs and discounts|between $300 and $600|About Us|Contact|Terms of Use|Privacy Policy|Do not Sell my Info|Get $119 Botox Doctor in los Angeles Near Me Full Botox|Get $119 Botox Doctors Near Me Full Botox|Affordable Botox Near Me|Get $119 Botox Doctor Near Me Full Botox October 2025|Best Get $119 Botox Doctor Near Me Full Botox|Get $119 Botox Doctor Near Me Full Botox,forcekeyA:Get $119 Botox Doctor Near Me Full Botox|forcekeyB:$119 Botox Doctor Near Me Full Botox,1
YWRfaWR8ZmJj,,ad_id|fbclick|fbid|forcekeyA|forcekeyB|forcekeyC|forcekeyD|forcekeyE|headline|imp|is_pub_ref|optkey|placement|s1agid|s1aid|s1cid|segment|utm_source,___|Ryan Pauls|membership programs and discounts|between $300 and $600|About Us|Contact|Terms of Use|Privacy Policy|Do not Sell my Info|Get $119 Botox Doctor Near California Full Botox|Get $119 Botox Doctor Nearby Full Botox|Best Botox Doctor Near Me|Get $119 Botox Doctor Near Me Full Botox|Get $119 Botox Doctor Near los Angeles Full Botox|$119 Botox Doctor Near Me Full Botox,forcekeyA:Get $119 Botox Doctor Near Me Full Botox|forcekeyB:$119 Botox Doctor Near Me Full Botox|forcekeyC:Get $119 Botox Doctor Nearby Full Botox,1
YWRfaWR8ZmJj,,ad_id|fbclick|fbid|forcekeyA|forcekeyB|forcekeyC|forcekeyD|forcekeyE|headline|imp|is_pub_ref|optkey|placement|s1agid|s1aid|s1cid|segment|utm_source,___|Ryan Pauls|membership programs and discounts|between $300 and $600|About Us|Contact|Terms of Use|Privacy Policy|Do not Sell my Info|Find $119 Botox Doctor Near Me Full Botox|Get $119 Botox Doctor Near los Angeles Full Botox|Affordable Botox Near Me|Get $119 Botox Doctor Near Me Full Botox|Get $149 Botox Doctor Near Me Full Botox|See $119 Botox Doctor Near Me Full Botox,forcekeyA:Get $119 Botox Doctor Near Me Full Botox|forcekeyB:$119 Botox Doctor Near Me Full Botox,1
YWRfaWR8ZmJj,,ad_id|fbclick|fbid|forcekeyA|forcekeyB|forcekeyC|forcekeyD|forcekeyE|headline|imp|is_pub_ref|optkey|placement|s1agid|s1aid|s1cid|segment|utm_source,___|Ryan Pauls|membership programs and discounts|between $300 and $600|About Us|Contact|Terms of Use|Privacy Policy|Do not Sell my Info|See $119 Botox Doctor Near Me Full Botox|Get $119 Botox Doctor Near los Angeles Full Botox|Affordable Botox Near Me|Get $119 Botox Doctor Near Me Full Botox|Find $119 Botox Doctor Near Me Full Botox|Get $149 Botox Doctor Near Me Full Botox,forcekeyA:Get $119 Botox Doctor Near Me Full Botox|forcekeyB:$119 Botox Doctor Near Me Full Botox,1
YWRfaWR8ZmJj,,ad_id|fbclick|fbid|forcekeyA|forcekeyB|forcekeyC|forcekeyD|forcekeyE|headline|imp|is_pub_ref|optkey|placement|s1agid|s1aid|s1cid|segment|utm_source,___|Ryan Pauls|membership programs and discounts|between $300 and $600|About Us|Contact|Terms of Use|Privacy Policy|Do not Sell my Info|Get $119 Botox Doctor in los Angeles Near Me Full Botox|Get $119 Botox Doctors Near Me Full Botox|Affordable Botox Near Me|Get $119 Botox Doctor Near Me Full Botox October 2025|Get $119 Botox Doctor Near Me Full Botox|Best Get $119 Botox Doctor Near Me Full Botox,forcekeyA:Get $119 Botox Doctor Near Me Full Botox|forcekeyB:$119 Botox Doctor Near Me Full Botox,1
YWRfaWR8ZmJj,,ad_id|fbclick|fbid|forcekeyA|forcekeyB|forcekeyC|forcekeyD|forcekeyE|headline|imp|is_pub_ref|optkey|placement|s1agid|s1aid|s1cid|segment|utm_source,___|Ryan Pauls|membership programs and discounts|between $300 and $600|About Us|Contact|Terms of Use|Privacy Policy|Do not Sell my Info|Get $119 Botox Doctor Near California Full Botox|Get $119 Botox Doctor Nearby Full Botox|Affordable Botox Near Me|Get $119 Botox Doctor Near Me Full Botox|Get $119 Botox Doctor Near los Angeles Full Botox|$119 Botox Doctor Near Me Full Botox,forcekeyA:Get $119 Botox Doctor Near Me Full Botox|forcekeyB:$119 Botox Doctor Near Me Full Botox|forcekeyC:Get $119 Botox Doctor Nearby Full Botox,1
YWRfaWR8ZmJj,,ad_id|fbclick|fbid|forcekeyA|forcekeyB|forcekeyC|forcekeyD|forcekeyE|headline|imp|is_pub_ref|optkey|placement|s1agid|s1aid|s1cid|segment|utm_source,___|Ryan Pauls|membership programs and discounts|between $300 and $600|About Us|Contact|Terms of Use|Privacy Policy|Do not Sell my Info|Get $119 Botox Doctor Near California Full Botox|Get $119 Botox Doctor Nearby Full Botox|Best Botox Injector Near Me|Get $119 Botox Doctor Near Me Full Botox|$119 Botox Doctor Near Me Full Botox|Get $119 Botox Doctor Near los Angeles Full Botox,forcekeyA:Get $119 Botox Doctor Near Me Full Botox|forcekeyB:$119 Botox Doctor Near Me Full Botox|forcekeyC:Get $119 Botox Doctor Nearby Full Botox,1
YWRfaWR8ZmJj,,ad_id|fbclick|fbid|forcekeyA|forcekeyB|forcekeyC|forcekeyD|forcekeyE|headline|imp|is_pub_ref|optkey|placement|s1agid|s1aid|s1cid|segment|utm_source,___|Ryan Pauls|membership programs and discounts|between $300 and $600|About Us|Contact|Terms of Use|Privacy Policy|Do not Sell my Info|Find $119 Botox Doctor Near Me Full Botox|Get $119 Botox Doctor Near los Angeles Full Botox|Botox 3 Areas for 150 Near Me|Get $149 Botox Doctor Near Me Full Botox|Get $119 Botox Doctor Near Me Full Botox|See $119 Botox Doctor Near Me Full Botox,forcekeyA:Get $119 Botox Doctor Near Me Full Botox|forcekeyB:$119 Botox Doctor Near Me Full Botox,1
YWRfaWR8ZmJj,,ad_id|fbclick|fbid|forcekeyA|forcekeyB|forcekeyC|forcekeyD|forcekeyE|headline|imp|is_pub_ref|optkey|placement|s1agid|s1aid|s1cid|segment|utm_source,___|Wyatt Gardener|Low-cost carriers|MVNOs|family plans|restrict background data usage|typically $5 to $10 per month|About Us|Contact|Terms of Use|Privacy Policy|Do not Sell my Info|Phone and Internet Deals for Seniors|Discounted Phones for Seniors 60|Free Business Phone Service|See Free Phones for Seniors|Free Phone for Seniors|Discounted Phones for Seniors 60 and Older,forcekeyC:discounted phones for seniors 60 and older|forcekeyD:discounted phones for seniors 60,1
YWRfaWR8ZmJj,,ad_id|fbclick|fbid|forcekeyA|forcekeyB|forcekeyC|forcekeyD|forcekeyE|headline|imp|is_pub_ref|optkey|placement|s1agid|s1aid|s1cid|segment|utm_source,___|Wyatt Gardener|Low-cost carriers|MVNOs|family plans|restrict background data usage|typically $5 to $10 per month|About Us|Contact|Terms of Use|Privacy Policy|Do not Sell my Info|Cheapest Phone Plans for One Person|Wireless Phone Deals|Low-cost Phone Carriers|Discounted Phone Plans for Seniors|Low Cost Phone Plans in los Angeles|Best Family Cell Phone Plans with Free Phones,,1
YWRfaWR8ZmJj,,ad_id|fbclick|fbid|forcekeyA|forcekeyB|forcekeyC|forcekeyD|forcekeyE|headline|imp|is_pub_ref|optkey|placement|s1agid|s1aid|s1cid|segment|utm_source,___|Wyatt Gardener|Low-cost carriers|MVNOs|family plans|restrict background data usage|typically $5 to $10 per month|About Us|Contact|Terms of Use|Privacy Policy|Do not Sell my Info|Mobile Phone|Cell Phone and Data Plans|Cell Phone Prices|Discounted Phones for Seniors 60 and Older|Best Family Cell Phone Plans with Free Phones|Discounted Phones for Seniors 60,forcekeyC:discounted phones for seniors 60 and older|forcekeyD:discounted phones for seniors 60,2
YWRfaWR8ZmJj,,ad_id|fbclick|fbid|forcekeyA|forcekeyB|forcekeyC|forcekeyD|forcekeyE|headline|imp|is_pub_ref|optkey|placement|s1agid|s1aid|s1cid|segment|utm_source,___|Wyatt Gardener|Low-cost carriers|MVNOs|family plans|restrict background data usage|typically $5 to $10 per month|About Us|Contact|Terms of Use|Privacy Policy|Do not Sell my Info|Get Discounted Senior Phone Plans|Cell Phone Prices|Mobile Phone Discounts|Discounted Phones for Seniors 60 and Older|Discounted Phones for Seniors 60|How to Get a New Phone,forcekeyA:discounted senior phone plans|forcekeyB:get discounted senior phone plans|forcekeyC:discounted phones for seniors 60 and older|forcekeyD:discounted phones for seniors 60,1
YWRfaWR8ZmJj,,ad_id|fbclick|fbid|forcekeyA|forcekeyB|forcekeyC|forcekeyD|forcekeyE|headline|imp|is_pub_ref|optkey|placement|s1agid|s1aid|s1cid|segment|utm_source,___|Chris Baker|prevent feelings of isolation|various transportation options|regular assessments|the amenities on offer|present at all times|community’s commitment to safety|annual rate increases|strong sense of belonging|How to evaluate assisted senior living facilities by Addington Place Burlington|Evaluation tips for senior living communities by SeniorLiving.com|Picking a retirement community: understanding needs and expectations by Senior Services of America|Independent living community evaluation guide by Seniorly|Senior living assessments by Where You Live Matters|About Us|Contact|Terms of Use|Privacy Policy|Do not Sell my Info|Best 55 and Older Apartments Near Me|55 and Older Apartments Near Me|55 and Older Apartment Near Me|Senior Independent Living Nearby|55 and Older Apartments Near Me October 2025|55 and Older Apartments in los Angeles,forcekeyA:55 and older apartments near me|forcekeyD:55 and older apartment near me,2
YWRfaWR8ZmJj,,ad_id|fbclick|fbid|forcekeyA|forcekeyB|forcekeyC|forcekeyD|forcekeyE|headline|imp|is_pub_ref|optkey|placement|s1agid|s1aid|s1cid|segment|utm_source,___|Chris Baker|prevent feelings of isolation|various transportation options|regular assessments|the amenities on offer|present at all times|community’s commitment to safety|annual rate increases|strong sense of belonging|How to evaluate assisted senior living facilities by Addington Place Burlington|Evaluation tips for senior living communities by SeniorLiving.com|Picking a retirement community: understanding needs and expectations by Senior Services of America|Independent living community evaluation guide by Seniorly|Senior living assessments by Where You Live Matters|About Us|Contact|Terms of Use|Privacy Policy|Do not Sell my Info|Senior Living Near Me Prices|55+ Communities in Riverside Ca|Ca Senior Living|65 and Older Apartments Near Me|Senior Independent Living Nearby|Senior Living Communities Near Me,,1
forcekeyA:pet insurance quotes|forcekeyB:pet insurance quotes ($10/month),,ad_id|fbclick|fbid|forcekeyA|forcekeyB|forcekeyC|forcekeyD|forcekeyE|headline|imp|is_pub_ref|optkey|placement|s1agid|s1aid|s1cid|segment|utm_source,"""___|Clarissa Martin|Affordable pet insurance|offers a way to save money|accident coverage"," preventive care|top affordable pet insurance providers|Lemonade|Figo|Nationwide|About Us|Contact|Terms of Use|Privacy Policy|Do not Sell my Info|Verified Pet Insurance Quotes ($10/month)|Pet Insurance Quotes ($10/month) [search Now]|Pet Insurance that Covers Everything|Pet Insurance Quotes ($10/month) Near Me|Pet Insurance Quotes ($10/month)|Pet Insurance Quotes ($10/month) in los Angeles""",2
forcekeyA:pet insurance quotes,,ad_id|fbclick|fbid|forcekeyA|forcekeyB|forcekeyC|forcekeyD|forcekeyE|headline|imp|is_pub_ref|optkey|placement|s1agid|s1aid|s1cid|segment|utm_source,"""___|Clarissa Martin|Affordable pet insurance|offers a way to save money|accident coverage"," preventive care|top affordable pet insurance providers|Lemonade|Figo|Nationwide|About Us|Contact|Terms of Use|Privacy Policy|Do not Sell my Info|Affordable Pet Insurance|Pet Insurance California|Pet Care Assistance for Senior Citizens|Pet Insurance that Covers Everything|Pet Insurance Quotes los Angeles|Costco Pet Insurance""",1
forcekeyA:pet insurance quotes,,ad_id|fbclick|fbid|forcekeyA|forcekeyB|forcekeyC|forcekeyD|forcekeyE|headline|imp|is_pub_ref|optkey|placement|s1agid|s1aid|s1cid|segment|utm_source,"""___|Clarissa Martin|Affordable pet insurance|offers a way to save money|accident coverage"," preventive care|top affordable pet insurance providers|Lemonade|Figo|Nationwide|About Us|Contact|Terms of Use|Privacy Policy|Do not Sell my Info|Costco Pet Insurance|Best Pet Insurance|Pet Insurance Quotes los Angeles|Pet Insurance that Covers Everything|Affordable Pet Insurance|Best Pet Insurance Plans""",1
forcekeyA:i want to buy a house with no money|forcekeyB:i want to buy a home with no money|forcekeyC:how to buy a house with no money|forcekeyE:see how to buy a house with no money,ad_id|fbclick|fbid|forcekeyA|forcekeyB|forcekeyC|forcekeyD|forcekeyE|headline|imp|is_pub_ref|optkey|placement|s1agid|s1aid|s1cid|segment|utm_source,,,___|Wyatt Gardener|préstamos FHA|USDA ofrece Préstamos Directos|3% de pago inicial|HCV|About Us|Contact|Terms of Use|Privacy Policy|Do not Sell my Info|I Want to Buy a Home with no Money|See how to Buy a House with no Money|How to Buy a House with no Money|I Want to Buy a House with no Money|Comprar Casa Sin Dinero|Como Conseguir una Casa,1
forcekeyA:i want to buy a house with no money|forcekeyB:i want to buy a home with no money|forcekeyC:how to buy a house with no money|forcekeyE:see how to buy a house with no money,ad_id|fbclick|fbid|forcekeyA|forcekeyB|forcekeyC|forcekeyD|forcekeyE|headline|imp|is_pub_ref|optkey|placement|s1agid|s1aid|s1cid|segment|utm_source,,,___|Wyatt Gardener|préstamos FHA|USDA ofrece Préstamos Directos|3% de pago inicial|HCV|About Us|Contact|Terms of Use|Privacy Policy|Do not Sell my Info|I Want to Buy a House with no Money|5 Casas de Bajo Costo y Alta Calidad|How to Buy a House with no Money|See how to Buy a House with no Money|I Want to Buy a Home with no Money|Vivienda Asequible en los Angeles,1
forcekeyA:i want to buy a house with no money|forcekeyB:i want to buy a home with no money|forcekeyC:how to buy a house with no money|forcekeyE:see how to buy a house with no money,ad_id|fbclick|fbid|forcekeyA|forcekeyB|forcekeyC|forcekeyD|forcekeyE|headline|imp|is_pub_ref|optkey|placement|s1agid|s1aid|s1cid|segment|utm_source,,,___|Wyatt Gardener|préstamos FHA|USDA ofrece Préstamos Directos|3% de pago inicial|HCV|About Us|Contact|Terms of Use|Privacy Policy|Do not Sell my Info|I Want to Buy a Home with no Money|Asesoria para Comprar Casa|See how to Buy a House with no Money|I Want to Buy a House with no Money|5 Casas de Bajo Costo y Alta Calidad|Comprar Casa Sin Dinero,1
forcekeyA:i want to buy a house with no money,ad_id|fbclick|fbid|forcekeyA|forcekeyB|forcekeyC|forcekeyD|forcekeyE|headline|imp|is_pub_ref|optkey|placement|s1agid|s1aid|s1cid|segment|utm_source,,,___|Wyatt Gardener|préstamos FHA|USDA ofrece Préstamos Directos|3% de pago inicial|HCV|About Us|Contact|Terms of Use|Privacy Policy|Do not Sell my Info|First Time Home Buyer Loan|Home Buyer|First Time Home Buyer Program|Comprar Casa Sin Dinero|I Want to Buy a House with no Money|First Home Buyer Loan,1
YWRfaWR8ZmJj,,ad_id|fbclick|fbid|forcekeyA|forcekeyB|forcekeyC|forcekeyD|forcekeyE|headline|imp|is_pub_ref|optkey|placement|s1agid|s1aid|s1cid|segment|utm_source,___|Wyatt Gardener|Low-cost carriers|MVNOs|family plans|restrict background data usage|typically $5 to $10 per month|About Us|Contact|Terms of Use|Privacy Policy|Do not Sell my Info|How to Get a New Phone|I Need a New Phone But i Have no Money|Best Prepaid Phone Service for My Area|Discounted Phone Plans for Seniors|Low Cost Phone Plans in los Angeles|Best Family Cell Phone Plans with Free Phones,,1
YWRfaWR8ZmJj,,ad_id|fbclick|fbid|forcekeyA|forcekeyB|forcekeyC|forcekeyD|forcekeyE|headline|imp|is_pub_ref|optkey|placement|s1agid|s1aid|s1cid|segment|utm_source,___|Wyatt Gardener|Low-cost carriers|MVNOs|family plans|restrict background data usage|typically $5 to $10 per month|About Us|Contact|Terms of Use|Privacy Policy|Do not Sell my Info|Cell Phone and Data Plans|Cheapest Phone Plans for One Person|Cell Phone Prices|Low Cost Phone Plans in los Angeles|Best Family Cell Phone Plans with Free Phones|Mobile Phone,,1
YWRfaWR8ZmJj,,ad_id|fbclick|fbid|forcekeyA|forcekeyB|forcekeyC|forcekeyD|forcekeyE|headline|imp|is_pub_ref|optkey|placement|s1agid|s1aid|s1cid|segment|utm_source,___|Wyatt Gardener|Low-cost carriers|MVNOs|family plans|restrict background data usage|typically $5 to $10 per month|About Us|Contact|Terms of Use|Privacy Policy|Do not Sell my Info|Best Discounted Phones for Seniors 60 and Older|Discounted Phones for Seniors 60 and Older Near Me|Best Family Cell Phone Plans with Free Phones|Discounted Phone for Seniors 60 and Older|Discounted Phones for Seniors 60 and Older|Discounted Phones for Seniors 60 and Older October 2025,forcekeyC:discounted phones for seniors 60 and older|forcekeyD:discounted phones for seniors 60,2
YWRfaWR8ZmJj,,ad_id|fbclick|fbid|forcekeyA|forcekeyB|forcekeyC|forcekeyD|forcekeyE|headline|imp|is_pub_ref|optkey|placement|s1agid|s1aid|s1cid|segment|utm_source,___|Wyatt Gardener|Low-cost carriers|MVNOs|family plans|restrict background data usage|typically $5 to $10 per month|About Us|Contact|Terms of Use|Privacy Policy|Do not Sell my Info|Phone and Internet Deals for Seniors|Discounted Phones for Seniors 60|Best Family Cell Phone Plans with Free Phones|Free Phone for Seniors|See Free Phones for Seniors|Discounted Phones for Seniors 60 and Older,forcekeyC:discounted phones for seniors 60 and older|forcekeyD:discounted phones for seniors 60,1
YWRfaWR8ZmJj,,ad_id|fbclick|fbid|forcekeyA|forcekeyB|forcekeyC|forcekeyD|forcekeyE|headline|imp|is_pub_ref|optkey|placement|s1agid|s1aid|s1cid|segment|utm_source,___|Wyatt Gardener|Low-cost carriers|MVNOs|family plans|restrict background data usage|typically $5 to $10 per month|About Us|Contact|Terms of Use|Privacy Policy|Do not Sell my Info|Best Family Cell Phone Plans with Free Phones|Discounted Senior Phone Plans|Cheapest Phone Plans for One Person|Discounted Phones for Seniors 60 and Older|Discounted Phones for Seniors 60|I Phone,forcekeyA:discounted senior phone plans|forcekeyC:discounted phones for seniors 60 and older|forcekeyD:discounted phones for seniors 60,2
YWRfaWR8ZmJj,,ad_id|fbclick|fbid|forcekeyA|forcekeyB|forcekeyC|forcekeyD|forcekeyE|headline|imp|is_pub_ref|optkey|placement|s1agid|s1aid|s1cid|segment|utm_source,___|Wyatt Gardener|Low-cost carriers|MVNOs|family plans|restrict background data usage|typically $5 to $10 per month|About Us|Contact|Terms of Use|Privacy Policy|Do not Sell my Info|Discounted Phones for Seniors 60|Phone and Internet Deals for Seniors|Best Family Cell Phone Plans with Free Phones|Free Phone for Seniors|Discounted Phones for Seniors 60 and Older|See Free Phones for Seniors,forcekeyC:discounted phones for seniors 60 and older|forcekeyD:discounted phones for seniors 60,1
YWRfaWR8ZmJj,,ad_id|fbclick|fbid|forcekeyA|forcekeyB|forcekeyC|forcekeyD|forcekeyE|headline|imp|is_pub_ref|optkey|placement|s1agid|s1aid|s1cid|segment|utm_source,___|Wyatt Gardener|Low-cost carriers|MVNOs|family plans|restrict background data usage|typically $5 to $10 per month|About Us|Contact|Terms of Use|Privacy Policy|Do not Sell my Info|Discounted Phones for Seniors 60 and Older|Discounted Phones for Seniors 60|Cell Phone Service|Free Phone for Seniors|See Free Phones for Seniors|Phone and Internet Deals for Seniors,forcekeyC:discounted phones for seniors 60 and older|forcekeyD:discounted phones for seniors 60,1
YWRfaWR8ZmJj,,ad_id|fbclick|fbid|forcekeyA|forcekeyB|forcekeyC|forcekeyD|forcekeyE|headline|imp|is_pub_ref|optkey|placement|s1agid|s1aid|s1cid|segment|utm_source,___|Wyatt Gardener|Low-cost carriers|MVNOs|family plans|restrict background data usage|typically $5 to $10 per month|About Us|Contact|Terms of Use|Privacy Policy|Do not Sell my Info|Discounted Phones for Seniors 60 and Older Near Me|Best Discounted Phones for Seniors 60 and Older|Best Family Cell Phone Plans with Free Phones|Discounted Phone for Seniors 60 and Older|Discounted Phones for Seniors 60 and Older|Discounted Phones for Seniors 60 and Older October 2025,forcekeyC:discounted phones for seniors 60 and older|forcekeyD:discounted phones for seniors 60,1
YWRfaWR8ZmJj,,ad_id|fbclick|fbid|forcekeyA|forcekeyB|forcekeyC|forcekeyD|forcekeyE|headline|imp|is_pub_ref|optkey|placement|s1agid|s1aid|s1cid|segment|utm_source,___|Ryan Pauls|membership programs and discounts|between $300 and $600|About Us|Contact|Terms of Use|Privacy Policy|Do not Sell my Info|Get $119 Botox Doctor Near los Angeles Full Botox|Get $149 Botox Doctor Near Me Full Botox|Affordable Botox Near Me|Get $119 Botox Doctor Near Me Full Botox|Find $119 Botox Doctor Near Me Full Botox|See $119 Botox Doctor Near Me Full Botox,forcekeyA:Get $119 Botox Doctor Near Me Full Botox|forcekeyB:$119 Botox Doctor Near Me Full Botox,1
YWRfaWR8ZmJj,,ad_id|fbclick|fbid|forcekeyA|forcekeyB|forcekeyC|forcekeyD|forcekeyE|headline|imp|is_pub_ref|optkey|placement|s1agid|s1aid|s1cid|segment|utm_source,___|Clarissa Martin|several effective eye surgery procedures|ways to make it more affordabl|adequate corneal thickness|About Us|Contact|Terms of Use|Privacy Policy|Do not Sell my Info|Discover $299 Laser Eye Surgery Near Me|Laser Eye Surgery Older Adults|$299 Laser Eye Surgery|Find $299 Laser Eye Surgery Near Me|See $299 Laser Eye Surgery Near Me|$299 Laser Eye Surgery Near Me,forcekeyA:$299 laser eye surgery near me|forcekeyB:see $299 laser eye surgery near me|forcekeyC:find $299 laser eye surgery near me|forcekeyD:discover $299 laser eye surgery near me|forcekeyE:$299 laser eye surgery,3
YWRfaWR8ZmJj,,ad_id|fbclick|fbid|forcekeyA|forcekeyB|forcekeyC|forcekeyD|forcekeyE|headline|imp|is_pub_ref|optkey|placement|s1agid|s1aid|s1cid|segment|utm_source,___|Clarissa Martin|several effective eye surgery procedures|ways to make it more affordabl|adequate corneal thickness|About Us|Contact|Terms of Use|Privacy Policy|Do not Sell my Info|Discover $299 Laser Eye Surgery Near Me|Laser Clinic Near Me|$299 Laser Eye Surgery|Find $299 Laser Eye Surgery Near Me|$299 Laser Eye Surgery Near Me|See $299 Laser Eye Surgery Near Me,forcekeyA:$299 laser eye surgery near me|forcekeyB:see $299 laser eye surgery near me|forcekeyC:find $299 laser eye surgery near me|forcekeyD:discover $299 laser eye surgery near me|forcekeyE:$299 laser eye surgery,1
forcekeyA:pet insurance quotes|forcekeyB:pet insurance quotes ($10/month),,ad_id|fbclick|fbid|forcekeyA|forcekeyB|forcekeyC|forcekeyD|forcekeyE|headline|imp|is_pub_ref|optkey|placement|s1agid|s1aid|s1cid|segment|utm_source,"""___|Clarissa Martin|Affordable pet insurance|offers a way to save money|accident coverage"," preventive care|top affordable pet insurance providers|Lemonade|Figo|Nationwide|About Us|Contact|Terms of Use|Privacy Policy|Do not Sell my Info|Verified Pet Insurance Quotes ($10/month)|Pet Insurance Quotes ($10/month) [search Now]|Pet Insurance that Covers Everything|Pet Insurance Quotes ($10/month) Near Me|Pet Insurance Quotes ($10/month) in los Angeles|Pet Insurance Quotes ($10/month)""",1
forcekeyA:pet insurance quotes|forcekeyB:pet insurance quotes ($10/month)|forcekeyC:pet insurance for dogs ($10/month)|forcekeyD:pet insurance for dogs,,ad_id|fbclick|fbid|forcekeyA|forcekeyB|forcekeyC|forcekeyD|forcekeyE|headline|imp|is_pub_ref|optkey|placement|s1agid|s1aid|s1cid|segment|utm_source,"""___|Clarissa Martin|Affordable pet insurance|offers a way to save money|accident coverage"," preventive care|top affordable pet insurance providers|Lemonade|Figo|Nationwide|About Us|Contact|Terms of Use|Privacy Policy|Do not Sell my Info|Pet Care Assistance for Senior Citizens|Costco Pet Insurance|Pet Assistance for Low Income Families Near Me|Pet Insurance that Covers Everything|Pet Insurance for Dogs ($10/month)|Pet Insurance Quotes ($10/month)""",1
forcekeyA:pet insurance quotes|forcekeyB:pet insurance quotes ($10/month),,ad_id|fbclick|fbid|forcekeyA|forcekeyB|forcekeyC|forcekeyD|forcekeyE|headline|imp|is_pub_ref|optkey|placement|s1agid|s1aid|s1cid|segment|utm_source,"""___|Clarissa Martin|Affordable pet insurance|offers a way to save money|accident coverage"," preventive care|top affordable pet insurance providers|Lemonade|Figo|Nationwide|About Us|Contact|Terms of Use|Privacy Policy|Do not Sell my Info|Costco Pet Insurance|Pet Insurance that Covers Everything|Verified Pet Insurance Quotes ($10/month)|Pet Insurance Quotes ($10/month) Near Me|Pet Insurance Quotes ($10/month)|Pet Insurance Quotes ($10/month) in los Angeles""",1
 Motorola,ad_id|fbclick|fbid|forcekeyA|forcekeyB|forcekeyC|forcekeyD|forcekeyE|headline|imp|is_pub_ref|optkey|placement|s1agid|s1aid|s1cid|segment|utm_source,,,"""___|Wyatt Gardener|Samsung",6
" zero pressure
This isn’t a maybe. It’s your ONLY chance to upgrade your mouth for GOOD.
🚨 Don’t wait—these FREE spots are vanishing fast. Tap NOW or miss out forever! 
 www.seeknowguides.com"""," natural-looking teeth that never move or cause pain
🔥 Stop feeling embarrassed—own your smile and live without limits
🔥 Take back your confidence"," and ruin your smile? Enough is enough!
🔥 Get permanent", your bite," your life—starting today
🔥 FREE dental implants consultation with zero tricks",26
" affecting people of all ages and...""",,,,"""HOME|Home|Health|4 min read 10 Powerhouse Foods That Naturally Lower Cholesterol High cholesterol is a common health concern that affects millions of people around the world....|5 min read The Best Medications for Headaches: A Comprehensive Guide to Finding Relief Headaches are among the most common health complaints worldwide",17